,COMMUNITY_NAME,TOTAL_POP_HOUSEHOLD,POP_AGE_0_TO_14,POP_AGE_15_TO_64,POP_AGE_65_TO_84,POP_AGE_85_AND_OVER,POP_AGE_0_TO_14_PERCENT,POP_AGE_15_TO_64_PERCENT,POP_AGE_65_TO_84_PERCENT,POP_AGE_85_AND_OVER_PERCENT,POP_AGE_0_TO_4,POP_AGE_5_TO_9,POP_AGE_10_TO_14,POP_AGE_15_TO_19,POP_AGE_20_TO_24,POP_AGE_25_TO_29,POP_AGE_30_TO_34,POP_AGE_35_TO_39,POP_AGE_40_TO_44,POP_AGE_45_TO_49,POP_AGE_50_TO_54,POP_AGE_55_TO_59,POP_AGE_60_TO_64,POP_AGE_65_TO_69,POP_AGE_70_TO_74,POP_AGE_75_TO_79,POP_AGE_80_TO_84,POP_AGE_85_TO_89,POP_AGE_90_TO_94,POP_AGE_95_TO_99,POP_AGE_100_AND_OVER,POP_AGE_0_TO_4_PERCENT,POP_AGE_5_TO_9_PERCENT,POP_AGE_10_TO_14_PERCENT,POP_AGE_15_TO_19_PERCENT,POP_AGE_20_TO_24_PERCENT,POP_AGE_25_TO_29_PERCENT,POP_AGE_30_TO_34_PERCENT,POP_AGE_35_TO_39_PERCENT,POP_AGE_40_TO_44_PERCENT,POP_AGE_45_TO_49_PERCENT,POP_AGE_50_TO_54_PERCENT,POP_AGE_55_TO_59_PERCENT,POP_AGE_60_TO_64_PERCENT,POP_AGE_65_TO_69_PERCENT,POP_AGE_70_TO_74_PERCENT,POP_AGE_75_TO_79_PERCENT,POP_AGE_80_TO_84_PERCENT,POP_AGE_85_TO_89_PERCENT,POP_AGE_90_TO_94_PERCENT,POP_AGE_95_TO_99_PERCENT,POP_AGE_100_AND_OVER_PERCENT,TOTAL_POP_MEN,POP_MEN_0_TO_4,POP_MEN_5_TO_9,POP_MEN_10_TO_14,POP_MEN_15_TO_19,POP_MEN_20_TO_24,POP_MEN_25_TO_29,POP_MEN_30_TO_34,POP_MEN_35_TO_39,POP_MEN_40_TO_44,POP_MEN_45_TO_49,POP_MEN_50_TO_54,POP_MEN_55_TO_59,POP_MEN_60_TO_64,POP_MEN_65_TO_69,POP_MEN_70_TO_74,POP_MEN_75_TO_79,POP_MEN_80_TO_84,POP_MEN_85_TO_89,POP_MEN_90_TO_94,POP_MEN_95_TO_99,POP_MEN_100_AND_OVER
,EAGLE RIDGE,260,0,160,75,0,0,62,29,0,0,0,0,0,35,10,0,0,0,0,20,25,50,35,15,0,25,0,0,0,0,0,0,0,0,13,4,0,0,0,0,8,10,19,13,6,0,10,0,0,0,0,115,0,0,0,0,15,0,0,0,0,0,10,10,20,10,10,0,15,0,0,0,0
,SHEPARD INDUSTRIAL,265,10,190,55,0,4,72,21,0,0,0,10,25,15,10,15,10,25,0,15,30,45,40,15,0,0,0,0,0,0,0,0,4,9,6,4,6,4,9,0,6,11,17,15,6,0,0,0,0,0,0,150,0,0,10,0,10,10,0,0,15,0,15,15,20,20,10,0,0,0,0,0,0
,MAYFAIR,410,80,240,50,30,20,59,12,7,35,30,15,45,0,0,0,20,15,25,35,25,55,40,10,0,0,20,10,0,0,9,7,4,11,0,0,0,5,4,6,9,6,13,10,2,0,0,5,2,0,0,215,20,25,0,30,0,0,0,10,10,15,15,15,15,25,10,0,0,0,0,0,0
,SCARBORO/ SUNALTA WEST,465,95,290,55,10,20,62,12,2,35,50,15,35,10,0,10,15,60,40,50,45,25,20,15,0,20,0,10,0,0,8,11,3,8,2,0,2,3,13,9,11,10,5,4,3,0,4,0,2,0,0,240,15,15,10,20,10,0,10,0,30,25,30,25,20,10,0,0,10,0,0,0,0
,ROXBORO,415,80,225,90,10,19,54,22,2,15,15,50,20,10,10,10,15,25,30,40,35,20,20,40,15,15,0,0,0,0,4,4,12,5,2,2,2,4,6,7,10,8,5,5,10,4,4,0,0,0,0,230,0,15,30,20,10,10,10,10,10,20,15,15,15,10,25,0,10,0,0,0,0
,KELVIN GROVE,"1,805",300,"1,200",245,50,17,66,14,3,85,110,105,105,100,90,120,140,165,115,95,155,125,85,65,30,65,20,20,0,0,5,6,6,6,6,5,7,8,9,6,5,9,7,5,4,2,4,1,1,0,0,905,35,75,55,45,50,55,50,60,105,50,45,80,50,55,45,0,20,0,10,0,0
,ROSEMONT,"1,155",155,785,185,30,13,68,16,3,40,45,65,20,35,90,90,50,80,105,55,80,180,90,40,20,35,10,25,0,0,3,4,6,2,3,8,8,4,7,9,5,7,16,8,3,2,3,1,2,0,0,550,25,15,30,0,20,45,45,25,35,60,30,35,80,50,20,0,20,0,10,0,0
,QUEENS PARK VILLAGE,375,60,285,30,0,16,76,8,0,10,20,30,25,45,35,35,45,10,25,10,25,30,15,15,0,0,0,0,0,0,3,5,8,7,12,9,9,12,3,7,3,7,8,4,4,0,0,0,0,0,0,140,10,0,10,10,20,10,15,20,0,10,0,0,0,15,0,0,0,0,0,0,0
,HIGHWOOD,"2,205",415,"1,515",205,75,19,69,9,3,185,95,130,145,105,125,160,225,160,135,95,175,190,105,35,25,40,50,25,0,0,8,4,6,7,5,6,7,10,7,6,4,8,9,5,2,1,2,2,1,0,0,"1,140",105,50,60,75,60,45,90,115,105,90,50,80,80,70,20,0,15,20,10,0,0
,ERLTON,"1,280",125,990,160,0,10,77,13,0,55,45,30,40,35,120,150,170,135,85,75,70,115,80,65,15,0,0,0,0,0,4,4,2,3,3,9,12,13,11,7,6,5,9,6,5,1,0,0,0,0,0,635,30,25,15,30,15,50,55,90,80,35,35,40,60,30,40,0,0,0,0,0,0
,CARRINGTON,"2,750",760,"1,920",55,0,28,70,2,0,290,250,220,160,105,245,320,385,255,180,120,70,75,40,15,0,0,0,0,0,0,11,9,8,6,4,9,12,14,9,7,4,3,3,1,1,0,0,0,0,0,0,"1,370",130,110,145,80,60,115,120,190,155,85,65,40,30,25,15,0,0,0,0,0,0
,NOLAN HILL,"8,755","2,365","6,060",325,15,27,69,4,0,885,790,690,580,520,510,885,"1,055",835,625,490,390,165,165,85,40,35,0,15,0,0,10,9,8,7,6,6,10,12,10,7,6,4,2,2,1,0,0,0,0,0,0,"4,315",430,400,370,280,300,225,395,470,400,330,260,200,95,90,50,0,20,0,0,0,0
,TUXEDO PARK,"5,165",725,"3,805",575,65,14,74,11,1,295,230,200,140,315,480,615,585,415,350,335,310,260,210,165,80,120,40,10,10,0,6,4,4,3,6,9,12,11,8,7,6,6,5,4,3,2,2,1,0,0,0,"2,665",165,110,105,85,155,240,340,305,200,165,210,150,130,110,80,40,50,15,0,0,0
,BELMONT,800,160,610,20,0,20,76,3,0,55,55,55,50,55,70,95,90,85,65,40,30,35,20,0,0,0,0,0,0,0,7,7,7,6,7,9,12,11,11,8,5,4,4,3,0,0,0,0,0,0,0,385,25,30,25,15,35,35,45,40,50,30,20,15,15,10,0,0,0,0,0,0,0
,MANCHESTER,950,130,790,25,0,14,83,3,0,80,30,20,0,120,180,165,75,65,55,40,50,30,25,0,0,0,0,0,0,0,8,3,2,0,13,19,17,8,7,6,4,5,3,3,0,0,0,0,0,0,0,510,60,15,0,0,55,90,90,50,40,15,20,25,30,0,0,0,0,0,0,0,0
,EVANSTON,"18,710","5,210","12,550",870,80,28,67,5,0,"1,720","1,980","1,515","1,025",785,940,"1,815","2,305","2,060","1,355","1,005",710,545,370,270,130,100,50,30,0,0,9,11,8,5,4,5,10,12,11,7,5,4,3,2,1,1,1,0,0,0,0,"9,275",910,970,785,510,385,440,840,"1,035","1,030",770,520,340,300,165,125,60,55,25,10,0,0
,SHERWOOD,"6,520","1,475","4,540",475,35,23,70,7,1,390,550,535,485,435,410,485,545,570,540,455,350,265,175,175,75,50,25,10,0,0,6,8,8,7,7,6,7,8,9,8,7,5,4,3,3,1,1,0,0,0,0,"3,155",160,285,275,240,210,170,245,235,245,270,225,180,150,85,90,25,30,10,0,0,0
,SKYVIEW RANCH,"12,870","2,980","9,160",690,45,23,71,5,0,"1,210","1,025",750,590,875,"1,265","1,710","1,530","1,075",760,545,450,365,260,265,95,70,30,15,0,0,9,8,6,5,7,10,13,12,8,6,4,3,3,2,2,1,1,0,0,0,0,"6,410",610,510,395,285,435,630,815,780,565,415,285,200,170,65,140,50,30,15,0,0,0
,WALDEN,"7,650","1,690","5,505",400,65,22,72,5,1,690,505,495,430,375,650,850,900,680,565,505,295,245,165,120,80,35,50,10,0,0,9,7,6,6,5,8,11,12,9,7,7,4,3,2,2,1,0,1,0,0,0,"3,775",315,265,295,215,165,330,420,430,345,300,255,110,140,75,40,35,15,20,0,0,0
,LIVINGSTON,"3,985",980,"2,835",165,0,25,71,4,0,530,260,190,150,160,460,620,480,260,265,150,145,145,85,45,35,0,0,0,0,0,13,7,5,4,4,12,16,12,7,7,4,4,4,2,1,1,0,0,0,0,0,"1,920",265,120,100,80,90,190,280,245,110,145,65,75,60,50,25,20,0,0,0,0,0
,CORAL SPRINGS,"5,610",750,"3,935",855,70,13,70,15,1,180,250,320,385,440,465,360,330,395,275,305,460,520,380,265,115,95,45,20,0,0,3,4,6,7,8,8,6,6,7,5,5,8,9,7,5,2,2,1,0,0,0,"2,785",100,120,145,195,270,235,185,165,200,120,135,225,250,150,160,30,70,25,0,0,0
,SUNNYSIDE,"4,000",395,"3,240",345,20,10,81,9,1,125,145,125,115,310,595,590,455,355,265,180,215,160,135,110,75,25,15,0,0,0,3,4,3,3,8,15,15,11,9,7,5,5,4,3,3,2,1,0,0,0,0,"1,970",55,60,75,50,165,290,315,220,180,130,90,95,85,50,60,50,0,0,0,0,0
,CITADEL,"10,180","1,835","7,290",975,70,18,72,10,1,560,530,735,785,725,510,605,700,755,805,875,880,645,430,355,110,80,50,20,0,0,6,5,7,8,7,5,6,7,7,8,9,9,6,4,3,1,1,0,0,0,0,"5,005",305,240,390,415,395,230,300,340,340,390,405,405,335,205,195,55,45,15,10,0,0
,BELTLINE,"25,880","1,430","22,405","1,825",220,6,87,7,1,755,370,310,530,"2,315","5,455","5,095","3,220","1,720","1,230","1,075",895,885,750,500,340,235,150,55,15,0,3,1,1,2,9,21,20,12,7,5,4,3,3,3,2,1,1,1,0,0,0,"13,590",330,190,180,235,"1,010","2,790","2,810","1,745",950,680,620,515,520,435,280,155,55,60,20,10,0
,MCKENZIE LAKE,"13,290","2,340","9,290","1,590",70,18,70,12,1,595,775,970,"1,030",825,630,715,870,840,935,"1,020","1,300","1,125",815,475,165,135,50,15,0,0,4,6,7,8,6,5,5,7,6,7,8,10,8,6,4,1,1,0,0,0,0,"6,680",290,415,510,550,460,335,350,375,430,450,475,650,535,450,225,80,75,20,0,0,0
,COUGAR RIDGE,"7,150","1,850","4,850",445,10,26,68,6,0,405,670,775,605,330,230,365,600,700,745,705,360,210,160,140,90,55,0,0,0,0,6,9,11,8,5,3,5,8,10,10,10,5,3,2,2,1,1,0,0,0,0,"3,635",215,350,430,380,185,110,175,265,290,365,380,175,105,70,65,45,30,0,0,0,0
,RENFREW,"6,580",960,"4,960",580,80,15,75,9,1,340,320,300,215,280,555,875,750,600,485,430,455,315,295,155,70,60,50,15,15,0,5,5,5,3,4,8,13,11,9,7,7,7,5,4,2,1,1,1,0,0,0,"3,260",215,135,165,115,125,230,430,350,295,250,230,250,165,135,75,45,20,20,0,10,0
,CRESCENT HEIGHTS,"6,240",600,"4,910",660,65,10,79,11,1,295,145,155,170,430,775,845,715,460,360,330,430,395,290,170,115,85,55,0,0,0,5,2,2,3,7,12,14,11,7,6,5,7,6,5,3,2,1,1,0,0,0,"3,130",165,70,85,60,205,405,475,380,255,180,145,195,190,120,80,40,45,25,0,0,0
,TARADALE,"17,630","4,160","12,120","1,265",85,24,69,7,0,"1,215","1,460","1,480","1,310","1,420","1,260","1,350","1,525","1,405","1,275",980,845,755,545,340,250,130,70,0,10,0,7,8,8,7,8,7,8,9,8,7,6,5,4,3,2,1,1,0,0,0,0,"8,890",615,740,775,680,770,650,610,790,665,620,495,465,340,285,175,115,50,55,0,0,0
,CASTLERIDGE,"6,130","1,210","4,245",640,35,20,69,10,1,355,445,405,400,505,430,480,380,525,455,380,375,315,300,150,105,85,25,0,0,0,6,7,7,7,8,7,8,6,9,7,6,6,5,5,2,2,1,0,0,0,0,"3,170",185,225,225,245,260,215,260,170,260,225,225,200,170,150,55,40,30,15,0,0,0
,CRESTMONT,"2,275",495,"1,615",165,0,22,71,7,0,150,180,170,130,100,80,200,195,185,230,185,165,135,90,55,20,0,0,0,0,0,7,8,7,6,4,4,9,9,8,10,8,7,6,4,2,1,0,0,0,0,0,"1,110",95,70,75,50,60,30,85,105,80,125,95,90,85,35,20,15,0,0,0,0,0
,LOWER MOUNT ROYAL,"2,990",170,"2,595",230,0,6,87,8,0,85,40,40,70,245,540,550,330,235,160,175,130,170,95,70,55,10,0,0,0,0,3,1,1,2,8,18,18,11,8,5,6,4,6,3,2,2,0,0,0,0,0,"1,440",40,20,20,20,85,215,260,180,125,105,85,75,75,70,40,20,0,0,0,0,0
,MARLBOROUGH PARK,"8,290","1,530","5,495","1,205",65,18,66,15,1,460,515,550,545,455,525,485,590,625,510,490,625,635,465,370,215,155,45,10,0,0,6,6,7,7,5,6,6,7,8,6,6,8,8,6,4,3,2,1,0,0,0,"4,210",235,260,280,305,240,250,250,305,280,290,265,275,390,195,185,110,75,15,0,0,0
,SADDLE RIDGE,"24,365","5,905","16,645","1,725",95,24,68,7,0,"1,800","2,110","1,985","1,760","1,785","1,795","2,290","2,210","2,075","1,585","1,235","1,060",850,695,540,335,155,65,25,10,0,7,9,8,7,7,7,9,9,9,7,5,4,3,3,2,1,1,0,0,0,0,"12,230",945,"1,055","1,050",985,905,875,"1,080","1,050",980,785,715,520,435,315,255,180,65,35,0,0,0
,MARTINDALE,"14,540","2,995","10,240","1,250",45,21,70,9,0,895,"1,015","1,090","1,005","1,255","1,080","1,035","1,240","1,125","1,070",940,845,650,525,380,220,125,35,0,0,0,6,7,7,7,9,7,7,9,8,7,6,6,4,4,3,2,1,0,0,0,0,"7,380",465,500,550,535,750,545,455,635,490,580,460,475,290,275,190,110,50,20,0,0,0
,WESTGATE,"3,225",530,"2,120",480,100,16,66,15,3,210,140,180,175,115,160,260,215,235,240,180,255,290,180,135,80,85,55,30,10,0,7,4,6,5,4,5,8,7,7,7,6,8,9,6,4,2,3,2,1,0,0,"1,480",85,60,80,90,65,75,125,130,120,105,65,160,120,85,45,25,30,15,15,0,0
,CURRIE BARRACKS,"1,275",245,895,135,10,19,70,11,1,60,95,85,50,100,130,80,90,130,125,55,60,65,40,45,30,20,10,0,0,0,5,7,7,4,8,10,6,7,10,10,4,5,5,3,4,2,2,1,0,0,0,620,30,60,70,20,35,60,45,45,60,60,20,40,30,15,20,10,10,10,0,0,0
,BANFF TRAIL,"3,805",440,"2,995",320,45,12,79,8,1,185,130,120,140,520,595,450,290,215,185,235,235,125,165,70,70,15,30,15,0,0,5,3,3,4,14,16,12,8,6,5,6,6,3,4,2,2,0,1,0,0,0,"2,020",105,85,70,65,300,325,255,165,105,105,125,115,55,70,35,30,0,10,0,0,0
,CRANSTON,"20,850","5,045","13,950","1,810",55,24,67,9,0,"1,525","1,725","1,790","1,295",795,"1,035","1,585","1,950","2,095","1,740","1,490","1,025",935,750,615,355,90,55,0,0,0,7,8,9,6,4,5,8,9,10,8,7,5,4,4,3,2,0,0,0,0,0,"10,250",765,850,930,620,375,515,770,900,"1,035",960,745,495,440,370,240,165,55,25,0,0,0
,ERIN WOODS,"6,790","1,420","4,770",575,30,21,70,8,0,455,445,525,410,385,410,535,550,520,425,485,510,520,275,170,85,45,15,10,0,0,7,7,8,6,6,6,8,8,8,6,7,8,8,4,3,1,1,0,0,0,0,"3,475",240,255,290,215,225,205,250,240,270,200,240,260,240,150,95,55,20,10,0,0,0
,PARKHILL,"1,770",220,"1,240",300,10,12,70,17,1,95,65,60,80,120,120,165,190,75,100,135,110,140,125,105,45,25,10,0,0,0,5,4,3,5,7,7,9,11,4,6,8,6,8,7,6,3,1,1,0,0,0,880,55,30,20,45,55,60,75,90,50,50,65,65,70,60,65,15,15,0,0,0,0
,BOWNESS,"10,770","1,595","7,530","1,500",140,15,70,14,1,600,500,495,480,605,755,"1,090",930,740,700,660,750,825,685,380,250,185,90,30,10,15,6,5,5,4,6,7,10,9,7,6,6,7,8,6,4,2,2,1,0,0,0,"5,250",295,245,260,230,295,335,560,495,305,375,330,350,395,345,200,95,85,35,15,0,0
,FOREST LAWN,"7,230","1,235","5,165",730,100,17,71,10,1,385,435,405,440,470,410,505,585,490,575,555,600,540,330,190,135,75,75,25,0,0,5,6,6,6,7,6,7,8,7,8,8,8,7,5,3,2,1,1,0,0,0,"3,890",195,250,205,265,260,245,240,265,215,290,340,380,335,180,95,65,25,20,10,0,0
,KINGSLAND,"4,900",695,"3,630",490,80,14,74,10,2,225,235,240,195,395,500,475,435,370,305,325,325,300,195,145,95,55,35,25,20,0,5,5,5,4,8,10,10,9,8,6,7,7,6,4,3,2,1,1,1,0,0,"2,350",130,110,120,110,140,215,215,210,185,165,145,170,175,110,60,45,25,10,10,0,0
,RAMSAY,"2,155",330,"1,625",155,35,15,75,7,2,150,100,80,75,105,195,270,235,170,180,135,130,130,75,60,20,0,20,10,0,0,7,5,4,3,5,9,13,11,8,8,6,6,6,3,3,1,0,1,0,0,0,"1,120",100,55,25,35,60,120,110,100,95,115,75,65,75,25,30,20,0,0,0,0,0
,TEMPLE,"10,525","2,145","6,870","1,415",95,20,65,13,1,620,760,765,710,660,605,695,760,885,615,615,585,745,705,440,180,90,60,25,10,0,6,7,7,7,6,6,7,7,8,6,6,6,7,7,4,2,1,1,0,0,0,"5,320",310,370,460,340,315,325,360,375,420,340,295,265,375,345,255,100,40,35,0,0,0
,SHAWNEE SLOPES,"2,020",230,"1,240",465,80,11,61,23,4,85,70,75,70,90,140,105,145,115,95,150,165,165,175,105,75,110,40,35,0,0,4,3,4,3,4,7,5,7,6,5,7,8,8,9,5,4,5,2,2,0,0,980,50,45,40,20,50,85,50,70,55,30,85,75,65,95,40,20,45,25,15,0,0
,CAMBRIAN HEIGHTS,"2,000",315,"1,330",295,65,16,67,15,3,90,105,115,115,125,115,105,165,150,125,160,100,175,150,80,40,25,30,35,0,0,5,5,6,6,6,6,5,8,8,6,8,5,9,8,4,2,1,2,2,0,0,"1,015",50,70,60,55,65,55,50,80,75,55,75,55,105,75,35,20,10,10,0,0,0
,CEDARBRAE,"5,935",940,"3,850","1,025",120,16,65,17,2,280,335,320,285,275,330,465,480,395,410,350,420,445,390,410,135,90,65,45,0,0,5,6,5,5,5,6,8,8,7,7,6,7,7,7,7,2,2,1,1,0,0,"2,905",140,175,195,165,150,175,265,225,150,190,165,180,190,185,190,60,30,55,10,0,0
,RIVERBEND,"9,205","1,215","6,535","1,340",110,13,71,15,1,435,420,360,420,570,515,650,660,590,550,580,"1,050",960,675,365,155,145,85,20,0,0,5,5,4,5,6,6,7,7,6,6,6,11,10,7,4,2,2,1,0,0,0,"4,740",230,215,190,235,320,300,340,305,310,300,250,475,475,385,195,95,60,40,10,0,0
,ROYAL OAK,"11,580","2,315","7,995","1,205",65,20,69,10,1,535,720,"1,065",840,610,590,695,830,"1,000","1,090",925,825,585,500,445,175,85,55,10,0,0,5,6,9,7,5,5,6,7,9,9,8,7,5,4,4,2,1,0,0,0,0,"5,630",275,390,475,370,320,315,350,395,480,505,510,380,265,235,210,125,35,10,0,0,0
,FAIRVIEW,"3,675",575,"2,540",450,110,16,69,12,3,225,170,175,165,195,245,315,305,305,265,190,295,255,200,105,80,65,80,25,0,0,6,5,5,4,5,7,9,8,8,7,5,8,7,5,3,2,2,2,1,0,0,"1,885",150,105,95,85,85,115,170,155,145,160,80,160,125,100,40,40,35,25,15,0,0
,CLIFF BUNGALOW,"1,805",85,"1,550",155,15,5,86,9,1,45,15,25,50,170,305,300,175,145,95,120,100,95,65,45,35,10,15,0,0,0,2,1,1,3,9,17,17,10,8,5,7,6,5,4,2,2,1,1,0,0,0,910,30,0,10,20,50,160,155,65,95,60,55,50,50,45,35,20,10,15,0,0,0
,DISCOVERY RIDGE,"4,330",730,"2,965",595,35,17,68,14,1,165,220,345,340,305,160,125,190,325,340,450,435,310,270,160,100,65,25,10,0,0,4,5,8,8,7,4,3,4,8,8,10,10,7,6,4,2,2,1,0,0,0,"2,105",85,100,160,205,165,100,60,95,130,135,225,205,135,140,65,50,25,15,0,0,0
,UNIVERSITY HEIGHTS,"2,965",395,"2,160",375,30,13,73,13,1,100,150,145,160,500,275,215,285,195,165,150,125,85,130,120,85,40,20,10,0,0,3,5,5,5,17,9,7,10,7,6,5,4,3,4,4,3,1,1,0,0,0,"1,540",60,55,75,65,300,155,125,150,110,65,80,75,45,65,50,35,20,10,0,0,0
,BEDDINGTON HEIGHTS,"11,295","2,075","7,560","1,525",125,18,67,14,1,630,710,735,635,635,700,810,880,895,690,800,765,745,635,485,240,165,105,15,0,0,6,6,7,6,6,6,7,8,8,6,7,7,7,6,4,2,1,1,0,0,0,"5,585",340,345,365,340,315,375,360,450,395,350,415,390,365,290,220,135,80,55,0,0,0
,QUEENSLAND,"4,585",745,"3,175",615,45,16,69,13,1,220,260,265,210,220,270,460,290,380,305,340,330,370,225,175,130,85,35,15,0,0,5,6,6,5,5,6,10,6,8,7,7,7,8,5,4,3,2,1,0,0,0,"2,300",115,115,160,105,95,175,235,150,185,135,170,180,190,85,100,55,45,10,10,0,0
,GARRISON WOODS,"2,860",490,"1,940",400,35,17,68,14,1,120,165,205,210,110,105,140,250,175,260,285,285,130,175,105,80,40,15,20,0,0,4,6,7,7,4,4,5,9,6,9,10,10,5,6,4,3,1,1,1,0,0,"1,310",45,90,75,100,55,40,70,115,80,115,165,130,65,70,40,35,0,10,0,0,0
,BRITANNIA,765,90,500,145,15,12,65,19,2,20,35,35,80,35,35,20,20,25,40,70,80,90,65,70,10,0,15,0,0,0,3,5,5,10,5,5,3,3,3,5,9,10,12,8,9,1,0,2,0,0,0,370,10,15,15,45,25,15,10,10,10,10,40,30,45,45,40,10,0,10,0,0,0
,PINERIDGE,"9,850","1,925","6,315","1,520",105,20,64,15,1,635,690,600,550,570,625,685,670,755,625,580,655,595,605,425,300,190,80,15,0,0,6,7,6,6,6,6,7,7,8,6,6,7,6,6,4,3,2,1,0,0,0,"4,905",335,345,325,290,255,285,385,330,355,345,290,325,275,330,195,130,70,25,0,0,0
,PENBROOKE MEADOWS,"8,235","1,500","5,635",995,110,18,68,12,1,450,520,530,515,425,590,515,630,620,530,605,625,585,400,290,225,80,70,35,0,0,5,6,6,6,5,7,6,8,8,6,7,8,7,5,4,3,1,1,0,0,0,"4,240",255,260,240,275,215,290,285,275,330,315,335,325,310,215,135,110,30,30,15,0,0
,MACEWAN GLEN,"4,740",755,"3,125",810,55,16,66,17,1,205,270,285,270,245,250,270,305,260,270,335,435,485,455,185,105,65,25,25,10,0,4,6,6,6,5,5,6,6,5,6,7,9,10,10,4,2,1,1,1,0,0,"2,290",80,135,120,145,130,145,120,170,100,110,135,230,245,225,105,65,25,10,0,0,0
,NORTH GLENMORE PARK,"2,435",425,"1,545",390,80,17,63,16,3,130,150,145,130,160,100,125,175,140,185,175,185,175,160,90,65,75,60,15,0,0,5,6,6,5,7,4,5,7,6,8,7,8,7,7,4,3,3,2,1,0,0,"1,155",55,65,75,80,70,35,65,85,75,75,70,95,95,80,50,30,25,35,0,0,0
,WOODBINE,"8,745","1,430","5,575","1,665",80,16,64,19,1,455,505,470,460,495,360,500,605,550,535,570,635,860,725,555,225,160,55,20,10,0,5,6,5,5,6,4,6,7,6,6,7,7,10,8,6,3,2,1,0,0,0,"4,415",265,265,245,250,300,195,225,290,300,240,270,280,420,335,300,120,70,30,10,0,0
,RUNDLE,"10,545","2,045","6,950","1,415",135,19,66,13,1,635,735,680,655,670,765,750,800,675,670,575,675,720,465,535,260,155,105,35,0,0,6,7,6,6,6,7,7,8,6,6,5,6,7,4,5,2,1,1,0,0,0,"5,375",320,375,350,320,360,395,350,445,350,325,295,390,355,195,260,145,80,35,15,0,0
,DOWNTOWN COMMERCIAL CORE,"8,225",810,"6,690",665,55,10,81,8,1,430,200,180,175,900,"1,310","1,585",830,580,350,320,325,320,315,190,100,60,50,10,0,0,5,2,2,2,11,16,19,10,7,4,4,4,4,4,2,1,1,1,0,0,0,"4,270",240,70,85,85,430,655,800,515,315,170,175,165,215,175,90,40,20,15,0,0,0
,CHARLESWOOD,"3,595",525,"2,365",615,95,15,66,17,3,150,175,205,170,275,275,245,270,245,205,180,255,230,245,190,105,75,55,35,0,0,4,5,6,5,8,8,7,8,7,6,5,7,6,7,5,3,2,2,1,0,0,"1,855",95,110,120,65,140,160,130,130,115,110,85,130,150,100,105,50,30,25,25,0,0
,YORKVILLE,715,120,545,50,0,17,76,7,0,65,25,25,50,45,35,75,80,65,65,40,60,20,15,25,10,0,0,0,0,0,9,3,3,7,6,5,10,11,9,9,6,8,3,2,3,1,0,0,0,0,0,350,35,10,10,35,40,0,35,55,25,30,15,30,0,0,15,10,0,0,0,0,0
,BRAESIDE,"5,700",830,"3,815",980,70,15,67,17,1,250,315,270,245,305,390,465,440,370,380,310,425,490,305,330,225,120,45,20,0,0,4,6,5,4,5,7,8,8,6,7,5,7,9,5,6,4,2,1,0,0,0,"2,805",115,175,120,145,145,180,225,200,190,195,145,245,195,160,160,105,60,20,15,0,0
,SUNDANCE,"9,590","1,645","6,430","1,450",70,17,67,15,1,425,565,655,705,585,370,515,560,550,605,630,885,"1,030",740,365,245,100,55,15,0,0,4,6,7,7,6,4,5,6,6,6,7,9,11,8,4,3,1,1,0,0,0,"4,825",205,285,340,385,335,195,285,280,275,280,300,375,515,395,185,135,35,25,0,0,0
,RUTLAND PARK,"2,140",350,"1,325",415,55,16,62,19,3,90,160,95,105,105,125,90,175,155,140,140,160,135,110,105,115,85,45,10,0,0,4,7,4,5,5,6,4,8,7,7,7,7,6,5,5,5,4,2,0,0,0,"1,060",50,90,55,45,55,60,70,95,55,80,90,60,80,35,35,45,30,20,0,0,0
,DOWNTOWN WEST END,"2,825",260,"2,150",370,45,9,76,13,2,135,80,40,35,170,390,390,365,180,140,145,165,165,125,130,70,45,25,15,0,0,5,3,1,1,6,14,14,13,6,5,5,6,6,4,5,2,2,1,1,0,0,"1,510",90,40,25,15,80,210,210,210,90,70,85,105,90,55,50,40,20,0,15,0,0
,HOUNSFIELD HEIGHTS/BRIAR HILL,"2,470",330,"1,620",440,75,13,66,18,3,105,110,115,170,150,175,110,175,155,135,190,150,210,180,135,80,45,35,30,10,0,4,4,5,7,6,7,4,7,6,5,8,6,9,7,5,3,2,1,1,0,0,"1,245",70,55,60,80,80,105,70,75,70,90,95,85,90,70,70,35,15,10,25,0,0
,GREENWOOD/GREENBRIAR,"1,055",120,660,260,20,11,63,25,2,25,50,45,30,50,50,50,75,65,55,60,105,115,95,75,55,35,20,0,0,0,2,5,4,3,5,5,5,7,6,5,6,10,11,9,7,5,3,2,0,0,0,485,15,15,15,10,20,25,25,35,25,30,30,50,65,45,40,15,20,0,0,0,0
,COUNTRY HILLS,"3,660",610,"2,450",550,60,17,67,15,2,200,205,200,155,205,185,290,310,265,215,285,270,260,235,135,115,65,45,15,0,0,5,6,5,4,6,5,8,8,7,6,8,7,7,6,4,3,2,1,0,0,0,"1,795",95,110,125,90,100,85,145,155,115,105,155,130,125,100,75,55,20,20,0,0,0
,OGDEN,"8,315","1,175","5,785","1,235",120,14,70,15,1,395,370,415,435,310,605,730,665,600,495,575,655,710,510,375,230,120,90,20,0,0,5,4,5,5,4,7,9,8,7,6,7,8,9,6,5,3,1,1,0,0,0,"4,335",185,205,205,215,150,365,350,355,295,265,310,350,385,290,165,125,70,40,10,0,0
,SCENIC ACRES,"7,850","1,075","4,945","1,635",195,14,63,21,2,270,410,400,425,510,295,375,425,485,335,545,735,820,695,490,250,200,135,50,10,0,3,5,5,5,6,4,5,5,6,4,7,9,10,9,6,3,3,2,1,0,0,"3,900",125,235,215,240,255,145,165,255,195,170,250,335,410,330,260,120,90,65,30,0,0
,SANDSTONE VALLEY,"5,795",795,"3,735","1,150",115,14,64,20,2,210,255,330,230,350,345,390,330,270,325,345,510,635,520,385,140,105,90,15,10,0,4,4,6,4,6,6,7,6,5,6,6,9,11,9,7,2,2,2,0,0,0,"2,830",100,145,180,115,175,190,195,165,140,150,170,220,285,250,180,90,40,25,10,0,0
,DIAMOND COVE,625,60,345,210,15,10,55,34,2,25,20,15,40,30,0,25,30,15,50,20,45,85,80,80,25,25,10,0,0,0,4,3,2,6,5,0,4,5,2,8,3,7,14,13,13,4,4,2,0,0,0,295,10,15,10,15,10,0,0,25,0,25,10,20,40,50,40,10,10,0,0,0,0
,MARLBOROUGH,"8,910","1,615","5,815","1,365",120,18,65,15,1,510,610,495,500,530,465,740,610,675,585,600,605,500,470,435,305,155,75,25,15,0,6,7,6,6,6,5,8,7,8,7,7,7,6,5,5,3,2,1,0,0,0,"4,630",280,350,235,250,270,220,375,370,350,305,350,295,225,260,195,145,80,50,15,0,0
,UPPER MOUNT ROYAL,"2,735",450,"1,860",405,15,16,68,15,1,130,140,180,185,200,145,160,170,180,200,190,210,230,170,105,75,55,0,0,0,0,5,5,7,7,7,5,6,6,7,7,7,8,8,6,4,3,2,0,0,0,0,"1,405",50,80,110,90,100,80,70,85,95,100,95,95,145,75,55,45,25,0,0,0,0
,RED CARPET,"1,745",155,"1,250",305,40,9,72,17,2,55,75,25,65,105,80,115,95,135,100,160,185,210,135,85,55,30,25,10,0,0,3,4,1,4,6,5,7,5,8,6,9,11,12,8,5,3,2,1,1,0,0,860,30,40,20,20,50,40,50,45,70,40,75,95,120,65,55,30,10,10,0,0,0
,WILDWOOD,"2,765",595,"1,695",440,40,22,61,16,1,210,160,225,115,105,95,165,240,175,220,160,205,210,225,95,75,45,15,25,0,0,8,6,8,4,4,3,6,9,6,8,6,7,8,8,3,3,2,1,1,0,0,"1,400",100,65,135,70,80,50,70,125,85,120,80,90,115,95,55,50,10,0,0,0,0
,COACH HILL,"3,275",495,"1,975",710,95,15,60,22,3,115,180,205,145,145,150,195,230,250,215,205,205,240,250,210,155,95,75,15,0,0,4,5,6,4,4,5,6,7,8,7,6,6,7,8,6,5,3,2,0,0,0,"1,515",30,80,115,75,80,80,90,125,105,80,80,110,95,125,105,60,35,30,0,0,0
,VALLEY RIDGE,"5,365",875,"3,570",855,60,16,67,16,1,300,310,260,370,340,190,285,325,285,360,485,485,440,315,315,185,40,45,10,0,0,6,6,5,7,6,4,5,6,5,7,9,9,8,6,6,3,1,1,0,0,0,"2,665",170,160,130,165,195,105,150,155,150,145,220,240,215,150,155,100,15,30,0,0,0
,MOUNT PLEASANT,"6,325","1,170","4,485",590,75,18,71,9,1,415,455,300,235,285,495,555,750,580,405,445,355,380,275,145,85,85,30,35,10,0,7,7,5,4,5,8,9,12,9,6,7,6,6,4,2,1,1,0,1,0,0,"3,155",185,270,160,140,105,265,285,360,285,225,195,185,180,155,60,35,45,0,15,0,0
,VARSITY,"12,040","1,730","7,455","2,370",475,14,62,20,4,485,605,640,535,955,865,820,765,655,655,670,730,805,685,625,545,515,310,140,25,0,4,5,5,4,8,7,7,6,5,5,6,6,7,6,5,5,4,3,1,0,0,"5,835",265,325,335,260,480,440,440,375,305,295,325,350,380,320,290,230,220,125,60,10,0
,HAMPTONS,"7,360",840,"4,875","1,510",130,11,66,21,2,195,245,400,495,505,420,280,300,305,390,655,785,740,625,445,270,170,80,40,0,0,3,3,5,7,7,6,4,4,4,5,9,11,10,8,6,4,2,1,1,0,0,"3,650",85,110,245,280,270,230,130,115,135,160,265,380,385,320,235,145,85,35,30,0,0
,DALHOUSIE,"8,530","1,295","5,415","1,560",255,15,63,18,3,340,485,470,435,610,640,650,545,525,500,450,480,580,440,500,395,225,190,65,0,0,4,6,6,5,7,8,8,6,6,6,5,6,7,5,6,5,3,2,1,0,0,"4,235",170,250,250,240,340,305,380,275,235,265,205,225,250,230,210,185,105,80,30,0,0
,SIGNAL HILL,"13,000","1,760","8,205","2,645",390,14,63,20,3,390,675,695,770,835,535,515,650,735,805,"1,025","1,175","1,150",870,785,590,400,275,100,20,0,3,5,5,6,6,4,4,5,6,6,8,9,9,7,6,5,3,2,1,0,0,"6,210",205,320,350,380,470,290,265,275,310,430,465,555,530,390,360,295,175,90,50,15,0
,MAPLE RIDGE,"1,830",325,"1,080",380,45,18,59,21,2,90,115,125,60,40,75,85,145,80,140,140,165,150,130,105,105,40,40,0,0,0,5,6,7,3,2,4,5,8,4,8,8,9,8,7,6,6,2,2,0,0,0,865,50,40,45,20,15,35,35,75,35,80,75,85,60,75,55,45,15,25,0,0,0
,PATTERSON,"4,145",460,"2,740",870,65,11,66,21,2,140,165,160,205,235,245,280,275,195,300,270,390,350,300,310,180,80,55,0,0,0,3,4,4,5,6,6,7,7,5,7,7,9,8,7,7,4,2,1,0,0,0,"1,955",70,75,85,130,100,105,120,135,100,120,140,170,145,160,130,105,20,25,0,0,0
,OAKRIDGE,"5,620",950,"3,280","1,255",135,17,58,22,2,280,305,360,240,260,270,305,360,380,330,325,370,445,410,415,280,150,110,10,15,0,5,5,6,4,5,5,5,6,7,6,6,7,8,7,7,5,3,2,0,0,0,"2,735",160,155,175,125,135,150,125,180,150,170,170,175,185,195,190,155,65,50,0,10,0
,BAYVIEW,670,115,360,155,30,17,54,23,4,40,35,45,45,15,20,15,30,25,60,35,45,75,50,45,45,15,20,0,0,0,6,5,7,7,2,3,2,4,4,9,5,7,11,7,7,7,2,3,0,0,0,345,40,15,35,15,0,20,0,15,15,25,20,25,30,30,10,20,10,15,0,0,0
,NORTH HAVEN UPPER,640,110,350,175,10,17,55,27,2,35,35,45,35,10,35,30,20,35,45,40,50,45,75,35,40,25,0,0,0,0,5,5,7,5,2,5,5,3,5,7,6,8,7,12,5,6,4,0,0,0,0,325,15,30,10,20,0,10,20,10,20,20,20,40,10,30,15,20,15,0,0,0,0
,CHRISTIE PARK,"1,880",230,"1,180",435,40,12,63,23,2,60,90,90,140,110,70,55,100,105,150,175,115,165,110,125,135,65,10,25,0,0,3,5,5,7,6,4,3,5,6,8,9,6,9,6,7,7,3,1,1,0,0,920,35,30,45,65,60,30,25,55,50,80,90,45,95,35,55,60,30,0,15,0,0
,BANKVIEW,"5,125",460,"4,290",350,20,9,84,7,0,235,140,85,125,390,805,890,655,420,335,220,230,225,155,90,75,30,15,0,0,0,5,3,2,2,8,16,17,13,8,7,4,4,4,3,2,1,1,0,0,0,0,"2,545",95,55,65,60,150,360,460,295,265,175,130,125,110,95,40,30,15,10,0,0,0
,EAU CLAIRE,"1,875",75,"1,135",630,35,4,61,34,2,35,25,20,20,65,140,110,160,105,105,115,130,185,275,130,140,85,15,15,0,0,2,1,1,1,3,7,6,9,6,6,6,7,10,15,7,7,5,1,1,0,0,940,25,20,15,0,40,75,65,70,45,70,50,65,90,115,70,65,40,15,0,0,0
,PARKLAND,"3,430",480,"1,930",960,60,14,56,28,2,75,185,220,205,155,80,90,175,200,230,230,285,270,300,335,225,100,50,0,0,0,2,5,6,6,5,2,3,5,6,7,7,8,8,9,10,7,3,1,0,0,0,"1,710",40,120,130,90,40,60,65,90,80,130,105,150,120,135,160,120,40,20,0,0,0
,WOODLANDS,"5,830","1,065","3,535","1,150",80,18,61,20,1,345,390,320,335,245,300,330,415,335,370,340,425,440,435,415,180,120,70,10,0,0,6,7,5,6,4,5,6,7,6,6,6,7,8,7,7,3,2,1,0,0,0,"2,850",190,190,185,180,120,140,175,185,165,165,160,210,185,225,190,85,60,20,10,0,0
,RIDEAU PARK,675,60,355,250,0,9,53,37,0,15,25,15,45,25,40,40,25,35,15,20,45,75,85,90,55,20,0,0,0,0,2,4,2,7,4,6,6,4,5,2,3,7,11,13,13,8,3,0,0,0,0,375,10,20,10,35,20,25,30,15,15,10,0,15,35,50,40,25,20,0,0,0,0
,FISH CREEK PARK,430,0,135,260,30,0,31,60,7,0,0,0,25,0,0,0,0,0,0,15,25,50,20,110,75,55,15,10,0,0,0,0,0,6,0,0,0,0,0,0,3,6,12,5,26,17,13,3,2,0,0,175,0,0,0,15,0,0,0,0,0,0,10,10,20,10,40,40,15,10,0,0,0
,DOVER,"10,795","1,630","7,205","1,810",150,15,67,17,1,450,550,630,545,490,715,700,885,735,700,825,775,845,620,640,355,195,95,40,20,0,4,5,6,5,5,7,6,8,7,6,8,7,8,6,6,3,2,1,0,0,0,"5,645",195,300,360,320,245,385,370,460,390,365,465,380,440,305,330,170,90,55,20,10,0
,SOMERSET,"8,320","1,300","5,920",960,140,16,71,12,2,385,420,495,550,705,445,460,545,660,685,800,615,455,335,285,195,145,95,30,10,0,5,5,6,7,8,5,6,7,8,8,10,7,5,4,3,2,2,1,0,0,0,"4,100",195,250,310,210,370,245,225,230,320,320,390,340,220,140,135,75,70,40,20,0,0
,SAGE HILL,"9,345","2,155","6,575",585,25,23,70,6,0,820,815,520,390,455,790,"1,185","1,110",885,630,440,350,345,335,135,70,45,25,0,0,0,9,9,6,4,5,8,13,12,9,7,5,4,4,4,1,1,0,0,0,0,0,"4,440",390,385,250,190,160,360,600,535,460,340,210,135,145,160,75,20,20,10,0,0,0
,HIGHLAND PARK,"4,105",595,"3,025",435,45,14,74,11,1,235,200,155,130,265,400,510,405,300,230,190,330,265,150,145,85,55,40,0,0,0,6,5,4,3,6,10,12,10,7,6,5,8,6,4,4,2,1,1,0,0,0,"2,075",125,80,80,75,115,180,280,220,155,120,110,195,135,70,50,35,20,20,0,0,0
,PARKDALE,"2,300",430,"1,555",285,25,19,68,12,1,200,135,95,40,100,210,235,260,205,125,120,140,130,115,100,40,30,20,0,0,0,9,6,4,2,4,9,10,11,9,5,5,6,6,5,4,2,1,1,0,0,0,"1,175",105,100,45,15,60,85,140,135,100,45,60,70,65,50,50,20,20,0,0,0,0
,POINT MCKAY,"1,330",105,865,325,30,8,65,24,2,55,30,20,20,55,65,170,85,60,50,100,115,145,130,95,70,30,25,10,0,0,4,2,2,2,4,5,13,6,5,4,8,9,11,10,7,5,2,2,1,0,0,615,25,15,15,15,30,30,55,40,40,20,50,35,75,70,35,25,20,10,0,0,0
,SCARBORO,"1,010",170,700,120,15,17,69,12,1,35,70,60,115,45,35,65,40,65,100,85,65,90,65,40,0,15,10,0,0,0,3,7,6,11,4,3,6,4,6,10,8,6,9,6,4,0,1,1,0,0,0,520,20,55,30,65,20,20,20,15,25,45,50,30,50,45,20,0,0,0,0,0,0
,SPRUCE CLIFF,"4,195",565,"2,955",600,80,13,70,14,2,180,215,165,205,275,355,450,375,260,255,230,255,290,250,150,115,85,55,10,10,0,4,5,4,5,7,8,11,9,6,6,5,6,7,6,4,3,2,1,0,0,0,"2,020",75,105,105,90,140,165,240,195,135,90,115,125,150,110,70,50,30,20,0,0,0
,AUBURN BAY,"18,090","5,000","12,140",915,40,28,67,5,0,"1,525","1,880","1,590","1,020",720,"1,000","1,620","2,305","2,020","1,425",885,675,465,410,285,150,70,35,0,0,0,8,10,9,6,4,6,9,13,11,8,5,4,3,2,2,1,0,0,0,0,0,"8,875",760,895,915,530,350,440,765,"1,100",990,715,465,325,215,185,130,50,30,20,0,0,0
,ROCKY RIDGE,"8,195","1,425","5,655","1,020",90,17,69,12,1,320,535,570,615,500,400,385,655,585,740,690,625,450,415,305,185,115,60,30,0,0,4,7,7,8,6,5,5,8,7,9,8,8,5,5,4,2,1,1,0,0,0,"3,965",160,290,270,340,235,205,175,300,260,340,355,320,225,190,135,65,40,35,20,0,0
,MCKENZIE TOWNE,"17,505","3,650","12,190","1,535",130,21,70,9,1,"1,095","1,260","1,300","1,005",790,"1,025","1,520","1,805","1,710","1,545","1,155",905,725,685,470,190,190,100,20,10,0,6,7,7,6,5,6,9,10,10,9,7,5,4,4,3,1,1,1,0,0,0,"8,565",540,625,655,525,350,525,785,850,855,805,590,425,335,310,210,70,75,40,0,0,0
,MEADOWLARK PARK,610,85,430,65,25,14,70,11,4,20,35,30,25,10,55,30,25,40,55,75,60,45,45,0,20,0,0,20,0,0,3,6,5,4,2,9,5,4,7,9,12,10,7,7,0,3,0,0,3,0,0,325,10,35,10,20,0,25,15,15,15,40,30,40,20,25,0,10,0,0,0,0,0
,SILVERADO,"7,975","1,975","5,530",470,10,25,69,6,0,555,735,675,440,455,360,660,800,845,675,530,450,315,245,105,80,40,10,0,0,0,7,9,8,6,6,5,8,10,11,8,7,6,4,3,1,1,1,0,0,0,0,"3,970",290,330,375,200,255,185,285,370,425,315,290,245,165,125,55,30,25,0,0,0,0
,SOUTH CALGARY,"4,540",620,"3,540",345,30,14,78,8,1,315,140,170,170,320,510,620,490,365,320,285,285,180,120,110,75,40,20,15,0,0,7,3,4,4,7,11,14,11,8,7,6,6,4,3,2,2,1,0,0,0,0,"2,125",155,55,85,75,135,240,295,230,140,170,155,120,90,55,60,40,20,0,0,0,0
,PALLISER,"3,285",365,"1,870",860,190,11,57,26,6,115,160,95,145,180,195,230,220,145,180,165,160,245,215,255,200,190,110,65,15,0,4,5,3,4,5,6,7,7,4,5,5,5,7,7,8,6,6,3,2,0,0,"1,535",40,100,55,65,90,95,120,100,90,75,85,70,95,95,100,95,85,45,25,0,0
,ABBEYDALE,"5,925","1,200","4,075",605,50,20,69,10,1,345,445,410,380,380,325,390,500,435,385,395,445,440,320,145,75,65,15,30,10,0,6,8,7,6,6,5,7,8,7,6,7,8,7,5,2,1,1,0,1,0,0,"3,000",160,240,220,210,170,195,185,245,225,210,185,205,235,180,65,20,30,10,0,0,0
,BRENTWOOD,"7,410","1,020","5,365",860,160,14,72,12,2,390,310,325,435,945,855,620,505,470,395,375,405,355,345,210,125,180,95,45,10,0,5,4,4,6,13,12,8,7,6,5,5,5,5,5,3,2,2,1,1,0,0,"3,830",190,165,155,220,520,510,335,255,230,195,195,215,160,170,110,60,75,45,10,10,0
,DOWNTOWN EAST VILLAGE,"3,140",165,"2,520",415,40,5,80,13,1,85,70,10,60,215,590,590,370,195,115,120,115,150,150,140,60,65,25,10,0,0,3,2,0,2,7,19,19,12,6,4,4,4,5,5,4,2,2,1,0,0,0,"1,705",40,20,0,20,100,285,310,225,115,40,100,60,95,105,95,35,30,15,10,0,0
,ROSEDALE,"1,495",225,965,285,25,15,65,19,2,65,60,105,90,105,30,60,110,100,65,120,125,155,120,95,45,25,20,0,0,0,4,4,7,6,7,2,4,7,7,4,8,8,10,8,6,3,2,1,0,0,0,710,15,35,50,40,50,10,25,50,40,40,55,60,80,75,45,35,10,10,0,0,0
,KINCORA,"7,030","1,465","4,905",645,15,21,70,9,0,410,460,595,425,365,510,490,670,615,575,505,425,335,255,205,125,60,15,0,0,0,6,7,8,6,5,7,7,10,9,8,7,6,5,4,3,2,1,0,0,0,0,"3,550",200,245,315,205,205,270,205,345,305,300,220,200,195,135,105,70,10,0,0,0,0
,HAWKWOOD,"9,115","1,395","5,825","1,695",210,15,64,19,2,310,500,585,530,555,420,395,515,475,640,630,835,830,760,530,285,120,120,55,30,0,3,5,6,6,6,5,4,6,5,7,7,9,9,8,6,3,1,1,1,0,0,"4,510",170,225,290,290,315,245,185,245,230,275,335,365,390,425,270,130,40,50,30,10,0
,WEST HILLHURST,"6,635","1,280","4,485",805,80,19,68,12,1,355,430,495,300,275,475,520,615,560,550,470,395,325,380,215,145,65,45,35,0,0,5,6,7,5,4,7,8,9,8,8,7,6,5,6,3,2,1,1,1,0,0,"3,205",180,215,280,120,170,215,225,310,280,230,220,175,165,200,105,55,30,25,15,0,0
,BEL-AIRE,400,75,225,75,15,19,56,19,4,10,15,50,20,15,0,20,0,25,30,20,35,50,50,25,0,0,10,0,0,0,3,4,13,5,4,0,5,0,6,8,5,9,13,13,6,0,0,3,0,0,0,205,0,10,20,15,10,0,10,0,15,15,15,15,25,25,10,0,0,10,0,0,0
,EVERGREEN,"20,780","4,275","14,255","2,125",120,21,69,10,1,980,"1,330","1,965","1,510","1,240",920,"1,045","1,510","1,745","1,965","1,735","1,390","1,180",790,650,470,215,95,20,10,0,5,6,9,7,6,4,5,7,8,9,8,7,6,4,3,2,1,0,0,0,0,"10,170",490,725,"1,000",755,645,475,495,650,825,900,900,680,595,380,290,210,115,40,15,0,0
,BONAVISTA DOWNS,830,110,570,135,15,13,69,16,2,20,70,15,45,35,55,60,50,60,45,75,60,80,45,35,25,30,15,0,0,0,2,8,2,5,4,7,7,6,7,5,9,7,10,5,4,3,4,2,0,0,0,410,10,40,10,15,15,25,40,15,30,15,45,30,35,30,15,20,15,0,0,0,0
,HARVEST HILLS,"7,805","1,195","5,550","1,000",50,15,71,13,1,295,395,510,540,570,495,470,435,465,595,730,755,490,455,280,180,85,25,20,10,0,4,5,7,7,7,6,6,6,6,8,9,10,6,6,4,2,1,0,0,0,0,"3,930",165,180,290,315,345,265,225,190,200,290,345,370,285,165,130,100,40,0,0,0,0
,GLENDALE,"2,715",435,"1,800",430,50,16,66,16,2,145,135,150,170,80,165,185,245,155,135,210,215,230,200,135,35,60,35,15,0,0,5,5,6,6,3,6,7,9,6,5,8,8,8,7,5,1,2,1,1,0,0,"1,350",90,60,75,70,45,70,100,115,85,75,115,80,120,95,90,20,25,10,10,0,0
,ASPEN WOODS,"9,435","2,355","6,540",515,25,25,69,5,0,525,875,960,825,505,240,470,750,945,"1,025",825,570,390,260,125,90,40,10,10,0,0,6,9,10,9,5,3,5,8,10,11,9,6,4,3,1,1,0,0,0,0,0,"4,670",245,495,505,370,275,110,220,315,415,485,395,345,210,145,55,50,20,0,0,0,0
,SUNALTA,"3,090",220,"2,725",130,10,7,88,4,0,110,70,40,55,300,515,620,400,200,210,150,165,110,75,30,15,10,10,0,0,0,4,2,1,2,10,17,20,13,6,7,5,5,4,2,1,0,0,0,0,0,0,"1,600",60,40,20,10,150,215,340,235,95,125,80,85,70,45,20,0,0,0,0,0,0
,ARBOUR LAKE,"10,335","1,455","6,855","1,825",190,14,66,18,2,375,485,595,775,730,505,445,530,650,745,920,795,755,555,480,405,385,150,35,10,0,4,5,6,7,7,5,4,5,6,7,9,8,7,5,5,4,4,1,0,0,0,"5,045",195,250,310,405,395,275,240,250,305,295,445,385,375,270,220,150,175,75,15,0,0
,CITYSCAPE,"5,085","1,475","3,360",240,10,29,66,5,0,615,475,385,250,275,295,540,765,450,280,200,195,120,95,80,55,10,10,0,0,0,12,9,8,5,5,6,11,15,9,6,4,4,2,2,2,1,0,0,0,0,0,"2,595",360,250,180,145,145,165,255,360,235,150,90,90,50,60,35,15,10,0,0,0,0
,ALTADORE,"7,290","1,475","5,180",565,70,20,71,8,1,525,500,455,405,315,460,730,820,665,575,485,340,385,280,165,70,50,40,25,0,0,7,7,6,6,4,6,10,11,9,8,7,5,5,4,2,1,1,1,0,0,0,"3,590",265,255,215,210,185,225,310,380,345,305,250,180,185,135,80,35,15,20,10,0,0
,THORNCLIFFE,"8,695","1,460","5,810","1,170",250,17,67,13,3,465,485,520,485,440,605,580,650,615,610,550,605,675,450,305,235,180,165,80,0,0,5,6,6,6,5,7,7,7,7,7,6,7,8,5,4,3,2,2,1,0,0,"4,310",215,220,265,245,240,300,305,330,255,330,235,310,370,250,140,105,85,55,35,0,0
,MONTGOMERY,"4,175",745,"2,930",460,35,18,70,11,1,315,245,185,190,270,325,375,460,365,260,250,230,215,200,160,40,60,25,10,0,0,8,6,4,5,6,8,9,11,9,6,6,6,5,5,4,1,1,1,0,0,0,"2,025",175,110,115,95,100,155,175,185,190,125,120,110,125,110,90,10,25,10,0,0,0
,SETON,"3,590",620,"2,650",260,55,17,74,7,2,280,215,130,130,365,565,440,430,230,170,85,95,125,70,90,40,60,35,20,0,0,8,6,4,4,10,16,12,12,6,5,2,3,3,2,3,1,2,1,1,0,0,"1,715",145,110,65,50,175,270,200,215,120,90,50,35,60,35,20,20,40,25,15,0,0
,UNIVERSITY DISTRICT,960,210,590,125,35,22,61,13,4,65,70,75,15,130,80,125,55,60,50,30,20,20,35,20,25,45,35,0,0,0,7,7,8,2,14,8,13,6,6,5,3,2,2,4,2,3,5,4,0,0,0,410,25,45,30,0,50,15,60,25,35,25,15,10,10,15,0,10,20,10,0,0,0
,CAPITOL HILL,"4,670",800,"3,435",405,30,17,74,9,1,330,350,120,155,400,430,505,525,430,275,210,255,250,215,110,50,30,30,0,0,0,7,7,3,3,9,9,11,11,9,6,4,5,5,5,2,1,1,1,0,0,0,"2,365",145,170,65,95,220,225,280,210,240,165,85,130,140,95,55,35,0,10,0,0,0
,APPLEWOOD PARK,"6,830","1,155","4,930",700,40,17,72,10,1,355,390,405,400,620,480,455,465,530,425,540,535,485,305,185,140,70,25,10,10,0,5,6,6,6,9,7,7,7,8,6,8,8,7,4,3,2,1,0,0,0,0,"3,435",205,210,190,215,300,230,210,245,310,205,255,270,250,150,90,85,15,10,0,0,0
,SOUTHVIEW,"1,550",165,"1,080",270,40,11,70,17,3,35,75,50,55,75,130,115,75,70,115,160,180,100,120,60,45,45,25,15,0,0,2,5,3,4,5,8,7,5,5,7,10,12,6,8,4,3,3,2,1,0,0,750,20,30,15,30,35,70,65,30,30,60,85,110,55,50,25,20,15,0,0,0,0
,MONTEREY PARK,"10,475","1,805","7,030","1,535",105,17,67,15,1,545,675,585,750,840,570,535,740,640,595,700,785,880,565,470,340,160,70,30,0,0,5,6,6,7,8,5,5,7,6,6,7,7,8,5,4,3,2,1,0,0,0,"5,145",260,350,310,395,405,260,265,380,285,305,310,390,440,290,215,170,90,25,15,0,0
,WEST SPRINGS,"11,560","2,930","7,760",805,55,25,67,7,0,635,945,"1,355","1,025",425,455,540,790,"1,160","1,300",935,730,385,400,205,140,60,50,10,0,0,5,8,12,9,4,4,5,7,10,11,8,6,3,3,2,1,1,0,0,0,0,"5,675",320,455,695,520,205,230,260,375,490,620,535,385,160,225,90,55,25,30,0,0,0
,RICHMOND,"5,250",865,"3,815",515,55,16,73,10,1,330,285,250,190,340,420,620,555,415,365,360,275,270,255,130,85,45,40,10,0,0,6,5,5,4,6,8,12,11,8,7,7,5,5,5,2,2,1,1,0,0,0,"2,620",175,135,135,90,160,195,320,275,205,185,180,140,135,140,55,55,10,15,0,0,0
,DOUGLASDALE/GLEN,"12,920","1,920","8,780","2,120",100,15,68,16,1,750,590,580,765,795,660,795,"1,000",780,735,"1,010","1,160","1,090",805,720,405,190,85,10,10,0,6,5,4,6,6,5,6,8,6,6,8,9,8,6,6,3,1,1,0,0,0,"6,370",350,285,325,400,420,310,395,515,375,320,435,570,565,380,355,230,80,45,0,0,0
,NEW BRIGHTON,"12,885","3,425","8,900",555,10,27,69,4,0,"1,075","1,265","1,090",780,565,640,"1,180","1,665","1,435","1,045",750,465,370,285,145,90,35,10,0,0,0,8,10,8,6,4,5,9,13,11,8,6,4,3,2,1,1,0,0,0,0,0,"6,455",580,625,565,400,235,325,545,825,730,535,380,260,170,140,70,50,15,0,0,0,0
,ST. ANDREWS HEIGHTS,"1,345",200,885,245,15,15,66,18,1,50,60,90,75,115,75,115,65,85,70,90,105,95,100,45,65,35,0,10,0,0,4,4,7,6,9,6,9,5,6,5,7,8,7,7,3,5,3,0,1,0,0,650,25,15,30,30,65,40,60,45,45,20,50,60,50,55,15,30,20,0,0,0,0
,DEER RUN,"4,910",705,"3,210",965,25,14,65,20,1,185,295,230,235,240,235,275,370,300,320,345,420,475,415,325,160,65,25,0,0,0,4,6,5,5,5,5,6,8,6,7,7,9,10,8,7,3,1,1,0,0,0,"2,435",95,140,115,115,120,105,130,190,155,185,150,205,245,200,170,65,40,20,0,0,0
,CORNERSTONE,"6,190","1,630","4,360",200,0,26,70,3,0,830,495,310,330,400,760,905,710,430,315,195,165,150,110,60,20,10,0,0,0,0,13,8,5,5,6,12,15,11,7,5,3,3,2,2,1,0,0,0,0,0,0,"3,050",445,230,155,155,225,310,440,365,205,165,90,95,65,55,25,20,0,0,0,0,0
,FALCONRIDGE,"10,325","2,495","6,845",920,60,24,66,9,1,865,780,855,640,620,710,800,900,780,720,680,580,420,440,285,140,55,45,15,0,0,8,8,8,6,6,7,8,9,8,7,7,6,4,4,3,1,1,0,0,0,0,"5,225",475,395,425,330,315,410,335,440,375,315,395,305,245,210,140,60,30,30,0,0,0
,COUNTRY HILLS VILLAGE,"2,480",285,"1,480",640,85,11,60,26,3,115,95,75,70,100,120,185,230,195,155,170,135,125,155,190,185,110,50,30,0,0,5,4,3,3,4,5,7,9,8,6,7,5,5,6,8,7,4,2,1,0,0,"1,120",70,30,45,40,50,50,85,90,100,85,85,65,45,55,75,80,35,20,10,0,0
,HAYSBORO,"6,960",865,"4,960",970,170,12,71,14,2,350,300,215,240,370,515,690,640,485,425,450,580,560,365,280,180,145,85,75,0,0,5,4,3,3,5,7,10,9,7,6,6,8,8,5,4,3,2,1,1,0,0,"3,440",180,135,110,95,205,240,350,365,270,220,185,295,260,200,130,85,60,30,35,0,0
,GARRISON GREEN,"1,680",425,"1,190",55,0,25,71,3,0,170,150,110,55,100,140,175,205,165,135,100,55,55,35,20,0,0,0,0,0,0,10,9,7,3,6,8,10,12,10,8,6,3,3,2,1,0,0,0,0,0,0,825,95,75,60,35,40,60,90,80,75,65,45,40,15,15,15,0,0,0,0,0,0
,SHAGANAPPI,"1,765",260,"1,355",120,10,15,77,7,1,95,95,80,55,140,175,320,225,120,120,50,90,55,55,35,30,0,10,0,0,0,5,5,5,3,8,10,18,13,7,7,3,5,3,3,2,2,0,1,0,0,0,875,55,45,35,25,50,100,135,130,55,50,30,55,25,40,15,20,0,0,0,0,0
,LAKEVIEW,"5,640","1,105","3,485",920,135,20,62,16,2,255,410,440,305,305,210,235,375,400,450,330,430,450,350,255,185,130,90,40,10,0,5,7,8,5,5,4,4,7,7,8,6,8,8,6,5,3,2,2,1,0,0,"2,830",130,230,260,155,165,120,95,175,170,235,140,205,240,165,125,85,65,50,20,0,0
,PINE CREEK,245,40,200,0,0,16,82,0,0,25,0,0,15,15,35,50,20,0,10,20,15,20,0,0,0,0,0,0,0,0,10,0,0,6,6,14,20,8,0,4,8,6,8,0,0,0,0,0,0,0,0,125,15,0,0,0,0,15,30,20,0,0,10,10,10,0,0,0,0,0,0,0,0
,GLENBROOK,"7,240","1,345","5,040",735,120,19,70,10,2,475,400,465,365,375,590,655,755,590,465,375,425,435,280,190,150,115,80,30,10,0,7,6,6,5,5,8,9,10,8,6,5,6,6,4,3,2,2,1,0,0,0,"3,400",250,185,225,185,180,335,290,355,220,225,215,185,200,135,85,50,55,10,15,0,0
,ELBOYA,"1,835",315,"1,240",245,35,17,68,13,2,75,85,155,130,150,90,170,130,105,135,155,90,95,105,95,20,25,25,0,0,0,4,5,8,7,8,5,9,7,6,7,8,5,5,6,5,1,1,1,0,0,0,945,25,45,65,65,85,50,95,70,65,65,75,50,45,55,50,0,10,20,0,0,0
,COLLINGWOOD,"2,290",410,"1,530",280,65,18,67,12,3,105,150,150,115,115,125,130,150,180,185,165,150,210,125,60,55,40,30,30,0,0,5,7,7,5,5,5,6,7,8,8,7,7,9,5,3,2,2,1,1,0,0,"1,165",70,95,65,50,80,80,70,70,110,80,90,50,100,70,20,30,20,20,0,0,0
,LAKE BONAVISTA,"10,145","1,760","5,925","2,215",240,17,58,22,2,465,630,665,635,415,370,405,625,755,665,600,715,740,620,720,505,370,180,55,10,0,5,6,7,6,4,4,4,6,7,7,6,7,7,6,7,5,4,2,1,0,0,"5,095",260,305,345,330,240,195,175,280,400,350,290,345,385,335,300,265,195,70,25,0,0
,MILLRISE,"6,655","1,110","4,555",880,120,17,68,13,2,320,370,415,385,375,375,505,500,415,460,470,600,480,335,305,160,80,85,30,0,0,5,6,6,6,6,6,8,8,6,7,7,9,7,5,5,2,1,1,0,0,0,"3,230",155,200,195,190,190,220,235,255,215,205,225,300,215,145,145,70,40,30,0,0,0
,MAHOGANY,"13,860","4,015","8,880",895,75,29,64,6,1,"1,485","1,425","1,110",520,365,615,"1,560","1,790","1,525","1,015",565,465,460,335,325,165,70,55,15,10,0,11,10,8,4,3,4,11,13,11,7,4,3,3,2,2,1,1,0,0,0,0,"6,885",770,780,550,255,195,285,680,880,790,535,310,255,195,125,150,65,35,25,10,0,0
,ELBOW PARK,"3,285",700,"2,050",490,55,21,62,15,2,185,230,285,245,185,95,90,170,170,265,295,240,285,225,160,70,35,45,15,0,0,6,7,9,7,6,3,3,5,5,8,9,7,9,7,5,2,1,1,0,0,0,"1,595",85,135,140,100,85,40,45,75,70,130,160,140,130,110,85,25,10,20,0,0,0
,ACADIA,"9,915","1,280","6,795","1,555",290,13,69,16,3,450,455,370,380,510,680,775,855,820,630,580,810,755,520,405,330,300,215,60,0,0,5,5,4,4,5,7,8,9,8,6,6,8,8,5,4,3,3,2,1,0,0,"4,940",285,230,150,210,270,340,370,460,420,295,300,410,385,245,175,135,110,110,25,0,0
,INGLEWOOD,"4,130",475,"3,190",425,40,12,77,10,1,170,155,150,90,120,450,625,545,320,285,255,230,275,185,150,65,25,25,15,0,0,4,4,4,2,3,11,15,13,8,7,6,6,7,4,4,2,1,1,0,0,0,"1,995",90,80,70,55,30,180,330,285,180,135,125,90,115,85,75,30,10,15,10,0,0
,SILVER SPRINGS,"8,570","1,430","5,240","1,770",140,17,61,21,2,465,450,515,505,455,315,455,600,575,490,530,635,690,705,525,390,150,105,35,0,0,5,5,6,6,5,4,5,7,7,6,6,7,8,8,6,5,2,1,0,0,0,"4,205",245,230,270,290,240,135,215,270,275,245,265,290,305,350,245,205,50,60,20,0,0
,DEER RIDGE,"3,795",795,"2,425",545,40,21,64,14,1,240,280,270,165,150,260,315,340,260,285,200,245,205,250,140,105,50,25,10,0,0,6,7,7,4,4,7,8,9,7,8,5,6,5,7,4,3,1,1,0,0,0,"1,850",110,160,145,90,60,110,130,180,130,155,75,105,100,130,80,55,25,20,0,0,0
,ALBERT PARK/RADISSON HEIGHTS,"6,740","1,160","4,820",675,80,17,72,10,1,425,365,370,385,490,475,595,655,465,435,440,490,390,265,170,130,110,70,10,0,0,6,5,5,6,7,7,9,10,7,6,7,7,6,4,3,2,2,1,0,0,0,"3,490",200,225,185,225,220,250,295,330,260,205,225,265,225,140,85,55,55,35,0,0,0
,LEGACY,"8,000","1,810","5,740",445,0,23,72,6,0,795,570,440,355,540,745,940,885,720,505,395,380,260,245,115,60,25,0,0,0,0,10,7,6,4,7,9,12,11,9,6,5,5,3,3,1,1,0,0,0,0,0,"3,920",400,285,220,180,275,340,455,420,360,260,235,145,130,110,45,35,15,0,0,0,0
,GREENVIEW,"2,100",280,"1,525",255,35,13,73,12,2,115,100,75,45,135,160,305,170,205,130,145,115,110,120,60,60,15,30,10,0,0,5,5,4,2,6,8,15,8,10,6,7,5,5,6,3,3,1,1,0,0,0,"1,070",65,60,35,30,55,85,145,85,130,45,85,40,80,30,35,35,0,0,0,0,0
,MISSION,"4,505",215,"3,700",510,80,5,82,11,2,105,30,80,45,355,770,895,475,355,235,185,190,195,205,145,95,65,65,10,0,0,2,1,2,1,8,17,20,11,8,5,4,4,4,5,3,2,1,1,0,0,0,"2,170",75,0,40,25,150,305,405,285,190,140,100,105,95,105,60,45,20,15,0,0,0
,WINDSOR PARK,"4,410",540,"3,180",590,105,12,72,13,2,165,205,170,120,310,395,550,405,405,290,225,250,230,215,140,135,100,55,35,10,0,4,5,4,3,7,9,12,9,9,7,5,6,5,5,3,3,2,1,1,0,0,"2,075",65,125,65,65,125,185,285,215,205,130,110,115,110,110,70,45,35,15,0,0,0
,HUNTINGTON HILLS,"13,120","2,260","8,605","2,010",235,17,66,15,2,720,735,805,745,725,790,"1,010",900,915,840,865,920,895,745,575,415,275,165,70,0,0,5,6,6,6,6,6,8,7,7,6,7,7,7,6,4,3,2,1,1,0,0,"6,420",320,395,450,330,375,445,485,470,415,435,410,445,435,340,255,235,100,70,25,0,0
,TUSCANY,"19,700","4,555","13,505","1,505",130,23,69,8,1,"1,095","1,515","1,945","1,755","1,095",710,"1,045","1,430","1,830","2,095","1,720","1,095",745,615,410,290,190,80,35,15,0,6,8,10,9,6,4,5,7,9,11,9,6,4,3,2,1,1,0,0,0,0,"9,730",570,845,945,965,550,375,475,670,865,"1,045",810,545,335,275,205,140,80,25,0,0,0
,RANCHLANDS,"7,490","1,375","5,110",925,75,18,68,12,1,435,410,525,410,430,505,625,715,550,540,425,455,460,435,295,120,75,50,25,0,0,6,5,7,5,6,7,8,10,7,7,6,6,6,6,4,2,1,1,0,0,0,"3,680",215,190,315,240,245,270,330,350,240,235,195,180,215,200,135,65,15,15,20,0,0
,WHITEHORN,"11,085","2,115","7,355","1,540",75,19,66,14,1,600,785,730,660,785,755,775,895,810,680,570,620,800,640,480,295,125,65,10,0,0,5,7,7,6,7,7,7,8,7,6,5,6,7,6,4,3,1,1,0,0,0,"5,670",330,430,370,315,445,395,380,410,450,315,290,360,400,300,255,140,55,30,10,0,0
,BRIDLEWOOD,"12,545","2,595","8,855","1,020",65,21,71,8,1,785,825,980,985,790,635,845,"1,020","1,120","1,205",990,740,525,430,320,175,95,50,15,0,0,6,7,8,8,6,5,7,8,9,10,8,6,4,3,3,1,1,0,0,0,0,"6,145",395,410,485,540,415,295,400,490,520,570,480,370,295,210,125,80,45,25,10,0,0
,GLAMORGAN,"6,575","1,035","4,555",845,135,16,69,13,2,360,335,340,300,445,490,610,540,455,395,370,460,490,345,200,175,125,85,35,10,0,5,5,5,5,7,7,9,8,7,6,6,7,7,5,3,3,2,1,1,0,0,"3,125",195,170,185,130,215,240,315,240,230,205,155,195,250,155,90,75,45,45,10,0,0
,EDGEMONT,"15,255","2,480","9,475","3,015",290,16,62,20,2,480,870,"1,125","1,065",870,670,635,805,890,"1,025","1,125","1,055","1,340","1,290",955,475,295,190,70,15,10,3,6,7,7,6,4,4,5,6,7,7,7,9,8,6,3,2,1,0,0,0,"7,525",220,490,590,580,450,335,310,365,415,470,545,525,605,640,480,240,125,110,20,10,0
,BRIDGELAND/RIVERSIDE,"6,350",850,"4,660",745,105,13,73,12,2,360,320,170,130,295,695,935,755,515,355,335,330,310,260,220,135,130,65,40,0,0,6,5,3,2,5,11,15,12,8,6,5,5,5,4,3,2,2,1,1,0,0,"3,075",210,130,100,65,125,300,420,390,270,205,180,180,155,140,70,55,55,20,10,0,0
,WILLOW PARK,"5,090",810,"3,135",965,175,16,62,19,3,230,305,275,285,250,205,290,350,335,295,415,345,380,295,250,250,170,110,50,15,0,5,6,5,6,5,4,6,7,7,6,8,7,7,6,5,5,3,2,1,0,0,"2,565",110,140,140,175,135,95,150,165,190,120,225,165,205,140,125,110,85,55,30,0,0
,WOLF WILLOW,525,90,420,10,0,17,80,2,0,45,25,25,40,50,60,80,30,55,50,25,20,10,10,0,0,0,0,0,0,0,9,5,5,8,10,11,15,6,10,10,5,4,2,2,0,0,0,0,0,0,0,250,20,10,10,20,20,25,40,20,30,25,20,0,0,10,0,0,0,0,0,0,0
,REDSTONE,"9,050","2,250","6,300",485,15,25,70,5,0,"1,030",675,540,465,540,790,"1,290","1,015",830,500,350,225,300,270,110,80,25,0,10,0,0,11,7,6,5,6,9,14,11,9,6,4,2,3,3,1,1,0,0,0,0,0,"4,530",520,350,275,250,255,385,600,550,440,245,175,115,130,120,55,50,10,0,0,0,0
,SPRINGBANK HILL,"9,840","2,130","6,675",975,60,22,68,10,1,485,755,890,845,545,345,440,590,735,"1,000",975,660,535,360,325,190,100,50,10,0,0,5,8,9,9,6,4,4,6,7,10,10,7,5,4,3,2,1,1,0,0,0,"4,835",265,385,475,445,300,155,225,245,355,445,490,315,290,140,140,85,60,15,0,0,0
,HIDDEN VALLEY,"11,540","2,040","8,305","1,110",85,18,72,10,1,550,660,825,985,855,510,605,780,750,990,"1,080","1,000",745,490,370,130,120,55,25,0,0,5,6,7,9,7,4,5,7,6,9,9,9,6,4,3,1,1,0,0,0,0,"5,840",260,385,420,575,475,250,290,410,355,430,530,495,390,215,210,75,55,15,10,0,0
,NORTH HAVEN,"2,365",410,"1,480",425,55,17,63,18,2,140,140,130,110,85,125,205,190,170,140,145,180,135,170,110,80,65,45,15,0,0,6,6,5,5,4,5,9,8,7,6,6,8,6,7,5,3,3,2,1,0,0,"1,185",80,90,55,65,40,65,95,95,85,80,65,95,55,70,60,40,30,20,0,0,0
,VISTA HEIGHTS,"2,300",570,"1,510",215,10,25,66,9,0,140,165,260,160,150,125,150,120,145,220,150,165,125,105,40,55,15,10,0,0,0,6,7,11,7,7,5,7,5,6,10,7,7,5,5,2,2,1,0,0,0,0,"1,120",70,75,130,80,65,60,45,45,55,120,85,105,75,45,20,25,10,0,0,0,0
,SOUTHWOOD,"6,095",935,"4,285",755,125,15,70,12,2,270,295,370,325,435,395,550,460,405,455,435,455,360,270,180,160,145,80,40,0,0,4,5,6,5,7,6,9,8,7,7,7,7,6,4,3,3,2,1,1,0,0,"3,065",110,155,190,195,250,200,290,230,205,220,220,215,180,140,95,60,80,40,0,0,0
,CHAPARRAL,"12,500","2,620","8,685","1,120",70,21,69,9,1,585,970,"1,065","1,240",705,470,530,975,985,"1,200","1,085",820,675,450,305,255,110,50,15,0,0,5,8,9,10,6,4,4,8,8,10,9,7,5,4,2,2,1,0,0,0,0,"6,220",315,485,585,625,425,230,210,440,445,615,555,410,355,190,115,120,45,30,15,0,0
,HILLHURST,"5,475",825,"4,055",570,30,15,74,10,1,295,255,275,220,305,575,565,550,440,320,380,355,340,255,195,90,30,15,10,0,0,5,5,5,4,6,11,10,10,8,6,7,6,6,5,4,2,1,0,0,0,0,"2,675",170,100,150,135,145,295,235,275,215,140,180,175,165,120,95,40,20,0,0,0,0
,STRATHCONA PARK,"6,830","1,305","4,320","1,130",65,19,63,17,1,365,410,535,455,355,305,345,460,405,500,430,485,570,500,350,170,110,50,15,0,0,5,6,8,7,5,4,5,7,6,7,6,7,8,7,5,2,2,1,0,0,0,"3,355",215,175,260,250,210,180,145,225,190,215,225,215,255,250,175,95,45,15,10,0,0
,PUMP HILL,"1,455",230,710,455,65,16,49,31,4,45,65,120,65,70,45,45,50,70,80,85,80,115,210,110,85,50,55,0,0,0,3,4,8,4,5,3,3,3,5,5,6,5,8,14,8,6,3,4,0,0,0,650,15,35,45,40,40,20,20,10,25,40,40,45,50,95,45,45,15,20,0,0,0
,WINSTON HEIGHTS/MOUNTVIEW,"3,605",545,"2,575",435,60,15,71,12,2,185,225,135,100,175,285,425,375,285,275,225,210,215,180,155,80,20,25,30,0,0,5,6,4,3,5,8,12,10,8,8,6,6,6,5,4,2,1,1,1,0,0,"1,755",80,105,80,50,75,135,225,175,155,125,105,115,100,105,65,35,0,0,10,0,0
,COVENTRY HILLS,"17,350","3,875","12,415",990,70,22,72,6,0,"1,125","1,360","1,385","1,420",965,980,"1,275","1,525","1,585","1,635","1,270","1,030",735,425,275,195,95,60,10,0,0,6,8,8,8,6,6,7,9,9,9,7,6,4,2,2,1,1,0,0,0,0,"8,715",590,710,675,740,555,480,625,715,810,785,630,565,335,220,115,80,50,25,0,0,0
,KILLARNEY/GLENGARRY,"7,920","1,325","5,870",655,80,17,74,8,1,595,425,310,200,505,750,980,920,645,565,395,390,525,275,185,130,65,50,25,10,0,8,5,4,3,6,9,12,12,8,7,5,5,7,3,2,2,1,1,0,0,0,"3,965",315,225,175,90,245,360,460,460,335,270,220,180,250,140,115,55,15,20,15,0,0
,ROSSCARROCK,"3,490",535,"2,620",315,25,15,75,9,1,215,150,170,210,305,330,320,265,300,250,235,215,200,150,80,40,45,20,0,0,0,6,4,5,6,9,9,9,8,9,7,7,6,6,4,2,1,1,1,0,0,0,"1,720",100,90,85,115,155,175,150,135,140,120,100,115,115,70,35,0,25,0,0,0,0
,SHAWNESSY,"9,055","1,395","6,325","1,280",60,15,70,14,1,415,480,500,570,620,490,595,605,615,650,700,755,720,515,365,260,140,40,15,0,0,5,5,6,6,7,5,7,7,7,7,8,8,8,6,4,3,2,0,0,0,0,"4,540",195,260,285,305,365,240,325,290,285,310,360,405,320,245,150,130,55,10,15,0,0
,COPPERFIELD,"14,095","3,565","9,940",565,30,25,71,4,0,"1,135","1,285","1,140",750,645,"1,035","1,610","1,800","1,470","1,075",785,445,335,275,160,90,40,25,10,0,0,8,9,8,5,5,7,11,13,10,8,6,3,2,2,1,1,0,0,0,0,0,"7,135",610,685,600,320,325,500,800,925,745,540,400,260,150,120,85,25,25,10,0,0,0
,PANORAMA HILLS,"25,535","5,390","17,680","2,295",165,21,69,9,1,"1,310","1,885","2,200","1,935","1,630","1,400","1,530","1,950","2,230","2,340","1,930","1,565","1,175",880,800,360,255,110,50,0,0,5,7,9,8,6,5,6,8,9,9,8,6,5,3,3,1,1,0,0,0,0,"12,615",650,985,"1,125","1,015",855,680,720,890,"1,040","1,100",990,800,630,400,385,175,100,35,25,0,0
,CANYON MEADOWS,"7,435","1,120","4,920","1,285",105,15,66,17,1,360,435,320,310,425,505,515,565,500,470,485,560,585,470,375,285,155,80,20,10,0,5,6,4,4,6,7,7,8,7,6,7,8,8,6,5,4,2,1,0,0,0,"3,695",180,240,175,145,205,300,240,330,240,230,230,235,305,250,150,130,70,35,0,10,0
,CHINOOK PARK,"1,535",215,970,310,40,14,63,20,3,85,55,75,115,80,80,75,65,120,80,100,105,150,120,90,70,30,30,10,0,0,6,4,5,7,5,5,5,4,8,5,7,7,10,8,6,5,2,2,1,0,0,725,40,15,25,80,50,40,35,20,50,45,45,65,55,60,50,40,15,10,0,0,0
,FOREST HEIGHTS,"5,985","1,100","4,115",720,60,18,69,12,1,390,360,350,375,435,325,330,475,485,365,450,465,405,305,180,135,100,55,0,0,0,7,6,6,6,7,5,6,8,8,6,8,8,7,5,3,2,2,1,0,0,0,"3,045",180,195,165,200,220,170,160,240,220,195,235,290,205,145,105,50,40,25,0,0,0
,MAYLAND HEIGHTS,"5,925",990,"4,020",795,115,17,68,13,2,285,385,320,225,335,410,490,515,405,380,325,425,505,310,190,165,130,95,10,10,0,5,6,5,4,6,7,8,9,7,6,5,7,9,5,3,3,2,2,0,0,0,"2,975",125,215,170,115,145,250,235,245,220,185,175,245,250,155,75,65,30,55,0,0,0
,MIDNAPORE,"6,480","1,120","4,170","1,095",90,17,64,17,1,350,395,380,315,290,430,430,510,495,375,365,440,525,500,320,175,100,55,30,0,0,5,6,6,5,4,7,7,8,8,6,6,7,8,8,5,3,2,1,0,0,0,"3,105",150,185,175,195,155,245,205,220,260,165,165,195,225,245,175,55,40,35,10,0,0
,LINCOLN PARK,"1,590",220,"1,075",245,45,14,68,15,3,40,70,110,90,115,195,125,115,120,60,105,80,65,85,65,45,50,30,0,10,0,3,4,7,6,7,12,8,7,8,4,7,5,4,5,4,3,3,2,0,1,0,640,0,30,55,50,40,85,60,40,45,35,40,30,40,30,20,15,0,0,0,0,0
,CHINATOWN,"2,250",160,"1,445",445,200,7,64,20,9,105,35,20,50,100,245,265,230,120,130,140,95,85,115,110,95,125,100,75,20,0,5,2,1,2,4,11,12,10,5,6,6,4,4,5,5,4,6,4,3,1,0,"1,060",60,15,0,0,45,95,155,125,50,65,85,55,40,45,45,20,70,35,45,0,0
,STONEY 2,,,,,,,,,,,,,,,,,,,,,,,,,,,,,,,,,,,,,,,,,,,,,,,,,,,,,,,,,,,,,,,,,,,,,,,,,
,HUXLEY,,,,,,,,,,,,,,,,,,,,,,,,,,,,,,,,,,,,,,,,,,,,,,,,,,,,,,,,,,,,,,,,,,,,,,,,,
,GREAT PLAINS,,,,,,,,,,,,,,,,,,,,,,,,,,,,,,,,,,,,,,,,,,,,,,,,,,,,,,,,,,,,,,,,,,,,,,,,,
,STONEY 4,,,,,,,,,,,,,,,,,,,,,,,,,,,,,,,,,,,,,,,,,,,,,,,,,,,,,,,,,,,,,,,,,,,,,,,,,
,MANCHESTER INDUSTRIAL,,,,,,,,,,,,,,,,,,,,,,,,,,,,,,,,,,,,,,,,,,,,,,,,,,,,,,,,,,,,,,,,,,,,,,,,,
,GLACIER RIDGE,,,,,,,,,,,,,,,,,,,,,,,,,,,,,,,,,,,,,,,,,,,,,,,,,,,,,,,,,,,,,,,,,,,,,,,,,
,RANGEVIEW,,,,,,,,,,,,,,,,,,,,,,,,,,,,,,,,,,,,,,,,,,,,,,,,,,,,,,,,,,,,,,,,,,,,,,,,,
,13G,,,,,,,,,,,,,,,,,,,,,,,,,,,,,,,,,,,,,,,,,,,,,,,,,,,,,,,,,,,,,,,,,,,,,,,,,
,01K,,,,,,,,,,,,,,,,,,,,,,,,,,,,,,,,,,,,,,,,,,,,,,,,,,,,,,,,,,,,,,,,,,,,,,,,,
,STONEGATE LANDING,,,,,,,,,,,,,,,,,,,,,,,,,,,,,,,,,,,,,,,,,,,,,,,,,,,,,,,,,,,,,,,,,,,,,,,,,
,HASKAYNE,,,,,,,,,,,,,,,,,,,,,,,,,,,,,,,,,,,,,,,,,,,,,,,,,,,,,,,,,,,,,,,,,,,,,,,,,
,STARFIELD,,,,,,,,,,,,,,,,,,,,,,,,,,,,,,,,,,,,,,,,,,,,,,,,,,,,,,,,,,,,,,,,,,,,,,,,,
,RICARDO RANCH,,,,,,,,,,,,,,,,,,,,,,,,,,,,,,,,,,,,,,,,,,,,,,,,,,,,,,,,,,,,,,,,,,,,,,,,,
,STONEY 1,,,,,,,,,,,,,,,,,,,,,,,,,,,,,,,,,,,,,,,,,,,,,,,,,,,,,,,,,,,,,,,,,,,,,,,,,
,09P,,,,,,,,,,,,,,,,,,,,,,,,,,,,,,,,,,,,,,,,,,,,,,,,,,,,,,,,,,,,,,,,,,,,,,,,,
,09Q,,,,,,,,,,,,,,,,,,,,,,,,,,,,,,,,,,,,,,,,,,,,,,,,,,,,,,,,,,,,,,,,,,,,,,,,,
,FOOTHILLS,,,,,,,,,,,,,,,,,,,,,,,,,,,,,,,,,,,,,,,,,,,,,,,,,,,,,,,,,,,,,,,,,,,,,,,,,
,09D,,,,,,,,,,,,,,,,,,,,,,,,,,,,,,,,,,,,,,,,,,,,,,,,,,,,,,,,,,,,,,,,,,,,,,,,,
,06B,,,,,,,,,,,,,,,,,,,,,,,,,,,,,,,,,,,,,,,,,,,,,,,,,,,,,,,,,,,,,,,,,,,,,,,,,
,GOLDEN TRIANGLE,,,,,,,,,,,,,,,,,,,,,,,,,,,,,,,,,,,,,,,,,,,,,,,,,,,,,,,,,,,,,,,,,,,,,,,,,
,06C,,,,,,,,,,,,,,,,,,,,,,,,,,,,,,,,,,,,,,,,,,,,,,,,,,,,,,,,,,,,,,,,,,,,,,,,,
,05G,,,,,,,,,,,,,,,,,,,,,,,,,,,,,,,,,,,,,,,,,,,,,,,,,,,,,,,,,,,,,,,,,,,,,,,,,
,SKYLINE EAST,,,,,,,,,,,,,,,,,,,,,,,,,,,,,,,,,,,,,,,,,,,,,,,,,,,,,,,,,,,,,,,,,,,,,,,,,
,09H,,,,,,,,,,,,,,,,,,,,,,,,,,,,,,,,,,,,,,,,,,,,,,,,,,,,,,,,,,,,,,,,,,,,,,,,,
,13N,,,,,,,,,,,,,,,,,,,,,,,,,,,,,,,,,,,,,,,,,,,,,,,,,,,,,,,,,,,,,,,,,,,,,,,,,
,01C,,,,,,,,,,,,,,,,,,,,,,,,,,,,,,,,,,,,,,,,,,,,,,,,,,,,,,,,,,,,,,,,,,,,,,,,,
,13J,,,,,,,,,,,,,,,,,,,,,,,,,,,,,,,,,,,,,,,,,,,,,,,,,,,,,,,,,,,,,,,,,,,,,,,,,
,12K,,,,,,,,,,,,,,,,,,,,,,,,,,,,,,,,,,,,,,,,,,,,,,,,,,,,,,,,,,,,,,,,,,,,,,,,,
,12B,,,,,,,,,,,,,,,,,,,,,,,,,,,,,,,,,,,,,,,,,,,,,,,,,,,,,,,,,,,,,,,,,,,,,,,,,
,GLENMORE PARK,,,,,,,,,,,,,,,,,,,,,,,,,,,,,,,,,,,,,,,,,,,,,,,,,,,,,,,,,,,,,,,,,,,,,,,,,
,12A,,,,,,,,,,,,,,,,,,,,,,,,,,,,,,,,,,,,,,,,,,,,,,,,,,,,,,,,,,,,,,,,,,,,,,,,,
,NOSE HILL PARK,,,,,,,,,,,,,,,,,,,,,,,,,,,,,,,,,,,,,,,,,,,,,,,,,,,,,,,,,,,,,,,,,,,,,,,,,
,SKYLINE WEST,,,,,,,,,,,,,,,,,,,,,,,,,,,,,,,,,,,,,,,,,,,,,,,,,,,,,,,,,,,,,,,,,,,,,,,,,
,10D,,,,,,,,,,,,,,,,,,,,,,,,,,,,,,,,,,,,,,,,,,,,,,,,,,,,,,,,,,,,,,,,,,,,,,,,,
,CANADA OLYMPIC PARK,,,,,,,,,,,,,,,,,,,,,,,,,,,,,,,,,,,,,,,,,,,,,,,,,,,,,,,,,,,,,,,,,,,,,,,,,
,01F,,,,,,,,,,,,,,,,,,,,,,,,,,,,,,,,,,,,,,,,,,,,,,,,,,,,,,,,,,,,,,,,,,,,,,,,,
,GREAT PLAINS EAST,,,,,,,,,,,,,,,,,,,,,,,,,,,,,,,,,,,,,,,,,,,,,,,,,,,,,,,,,,,,,,,,,,,,,,,,,
,05F,,,,,,,,,,,,,,,,,,,,,,,,,,,,,,,,,,,,,,,,,,,,,,,,,,,,,,,,,,,,,,,,,,,,,,,,,
,EASTFIELD,,,,,,,,,,,,,,,,,,,,,,,,,,,,,,,,,,,,,,,,,,,,,,,,,,,,,,,,,,,,,,,,,,,,,,,,,
,03W,,,,,,,,,,,,,,,,,,,,,,,,,,,,,,,,,,,,,,,,,,,,,,,,,,,,,,,,,,,,,,,,,,,,,,,,,
,MEDICINE HILL,,,,,,,,,,,,,,,,,,,,,,,,,,,,,,,,,,,,,,,,,,,,,,,,,,,,,,,,,,,,,,,,,,,,,,,,,
,KEYSTONE HILLS,,,,,,,,,,,,,,,,,,,,,,,,,,,,,,,,,,,,,,,,,,,,,,,,,,,,,,,,,,,,,,,,,,,,,,,,,
,VALLEYFIELD,,,,,,,,,,,,,,,,,,,,,,,,,,,,,,,,,,,,,,,,,,,,,,,,,,,,,,,,,,,,,,,,,,,,,,,,,
,NORTH AIRWAYS,,,,,,,,,,,,,,,,,,,,,,,,,,,,,,,,,,,,,,,,,,,,,,,,,,,,,,,,,,,,,,,,,,,,,,,,,
,MAYLAND,,,,,,,,,,,,,,,,,,,,,,,,,,,,,,,,,,,,,,,,,,,,,,,,,,,,,,,,,,,,,,,,,,,,,,,,,
,FAIRVIEW INDUSTRIAL,,,,,,,,,,,,,,,,,,,,,,,,,,,,,,,,,,,,,,,,,,,,,,,,,,,,,,,,,,,,,,,,,,,,,,,,,
,ROYAL VISTA,,,,,,,,,,,,,,,,,,,,,,,,,,,,,,,,,,,,,,,,,,,,,,,,,,,,,,,,,,,,,,,,,,,,,,,,,
,STONEY 3,,,,,,,,,,,,,,,,,,,,,,,,,,,,,,,,,,,,,,,,,,,,,,,,,,,,,,,,,,,,,,,,,,,,,,,,,
,MERIDIAN,,,,,,,,,,,,,,,,,,,,,,,,,,,,,,,,,,,,,,,,,,,,,,,,,,,,,,,,,,,,,,,,,,,,,,,,,
,05D,,,,,,,,,,,,,,,,,,,,,,,,,,,,,,,,,,,,,,,,,,,,,,,,,,,,,,,,,,,,,,,,,,,,,,,,,
,FRANKLIN,,,,,,,,,,,,,,,,,,,,,,,,,,,,,,,,,,,,,,,,,,,,,,,,,,,,,,,,,,,,,,,,,,,,,,,,,
,02C,,,,,,,,,,,,,,,,,,,,,,,,,,,,,,,,,,,,,,,,,,,,,,,,,,,,,,,,,,,,,,,,,,,,,,,,,
,SYMONS VALLEY RANCH,,,,,,,,,,,,,,,,,,,,,,,,,,,,,,,,,,,,,,,,,,,,,,,,,,,,,,,,,,,,,,,,,,,,,,,,,
,UNIVERSITY OF CALGARY,,,,,,,,,,,,,,,,,,,,,,,,,,,,,,,,,,,,,,,,,,,,,,,,,,,,,,,,,,,,,,,,,,,,,,,,,
,FOREST LAWN INDUSTRIAL,,,,,,,,,,,,,,,,,,,,,,,,,,,,,,,,,,,,,,,,,,,,,,,,,,,,,,,,,,,,,,,,,,,,,,,,,
,12J,,,,,,,,,,,,,,,,,,,,,,,,,,,,,,,,,,,,,,,,,,,,,,,,,,,,,,,,,,,,,,,,,,,,,,,,,
,EAST SHEPARD INDUSTRIAL,,,,,,,,,,,,,,,,,,,,,,,,,,,,,,,,,,,,,,,,,,,,,,,,,,,,,,,,,,,,,,,,,,,,,,,,,
,HOMESTEAD,,,,,,,,,,,,,,,,,,,,,,,,,,,,,,,,,,,,,,,,,,,,,,,,,,,,,,,,,,,,,,,,,,,,,,,,,
,01H,,,,,,,,,,,,,,,,,,,,,,,,,,,,,,,,,,,,,,,,,,,,,,,,,,,,,,,,,,,,,,,,,,,,,,,,,
,STARFIELD EAST,,,,,,,,,,,,,,,,,,,,,,,,,,,,,,,,,,,,,,,,,,,,,,,,,,,,,,,,,,,,,,,,,,,,,,,,,
,12C,,,,,,,,,,,,,,,,,,,,,,,,,,,,,,,,,,,,,,,,,,,,,,,,,,,,,,,,,,,,,,,,,,,,,,,,,
,10E,,,,,,,,,,,,,,,,,,,,,,,,,,,,,,,,,,,,,,,,,,,,,,,,,,,,,,,,,,,,,,,,,,,,,,,,,
,SOUTH AIRWAYS,,,,,,,,,,,,,,,,,,,,,,,,,,,,,,,,,,,,,,,,,,,,,,,,,,,,,,,,,,,,,,,,,,,,,,,,,
,WESTWINDS,,,,,,,,,,,,,,,,,,,,,,,,,,,,,,,,,,,,,,,,,,,,,,,,,,,,,,,,,,,,,,,,,,,,,,,,,
,DEERFOOT BUSINESS CENTRE,,,,,,,,,,,,,,,,,,,,,,,,,,,,,,,,,,,,,,,,,,,,,,,,,,,,,,,,,,,,,,,,,,,,,,,,,
,09O,,,,,,,,,,,,,,,,,,,,,,,,,,,,,,,,,,,,,,,,,,,,,,,,,,,,,,,,,,,,,,,,,,,,,,,,,
,CALGARY INTERNATIONAL AIRPORT,,,,,,,,,,,,,,,,,,,,,,,,,,,,,,,,,,,,,,,,,,,,,,,,,,,,,,,,,,,,,,,,,,,,,,,,,
,01B,,,,,,,,,,,,,,,,,,,,,,,,,,,,,,,,,,,,,,,,,,,,,,,,,,,,,,,,,,,,,,,,,,,,,,,,,
,TWINHILLS,,,,,,,,,,,,,,,,,,,,,,,,,,,,,,,,,,,,,,,,,,,,,,,,,,,,,,,,,,,,,,,,,,,,,,,,,
,OSPREY HILL,,,,,,,,,,,,,,,,,,,,,,,,,,,,,,,,,,,,,,,,,,,,,,,,,,,,,,,,,,,,,,,,,,,,,,,,,
,GREENVIEW INDUSTRIAL PARK,,,,,,,,,,,,,,,,,,,,,,,,,,,,,,,,,,,,,,,,,,,,,,,,,,,,,,,,,,,,,,,,,,,,,,,,,
,OGDEN SHOPS,,,,,,,,,,,,,,,,,,,,,,,,,,,,,,,,,,,,,,,,,,,,,,,,,,,,,,,,,,,,,,,,,,,,,,,,,
,SUNRIDGE,,,,,,,,,,,,,,,,,,,,,,,,,,,,,,,,,,,,,,,,,,,,,,,,,,,,,,,,,,,,,,,,,,,,,,,,,
,06A,,,,,,,,,,,,,,,,,,,,,,,,,,,,,,,,,,,,,,,,,,,,,,,,,,,,,,,,,,,,,,,,,,,,,,,,,
,EAST FAIRVIEW INDUSTRIAL,,,,,,,,,,,,,,,,,,,,,,,,,,,,,,,,,,,,,,,,,,,,,,,,,,,,,,,,,,,,,,,,,,,,,,,,,
,HORIZON,,,,,,,,,,,,,,,,,,,,,,,,,,,,,,,,,,,,,,,,,,,,,,,,,,,,,,,,,,,,,,,,,,,,,,,,,
,MCCALL,,,,,,,,,,,,,,,,,,,,,,,,,,,,,,,,,,,,,,,,,,,,,,,,,,,,,,,,,,,,,,,,,,,,,,,,,
,AURORA BUSINESS PARK,,,,,,,,,,,,,,,,,,,,,,,,,,,,,,,,,,,,,,,,,,,,,,,,,,,,,,,,,,,,,,,,,,,,,,,,,
,SADDLE RIDGE INDUSTRIAL,,,,,,,,,,,,,,,,,,,,,,,,,,,,,,,,,,,,,,,,,,,,,,,,,,,,,,,,,,,,,,,,,,,,,,,,,
,12L,,,,,,,,,,,,,,,,,,,,,,,,,,,,,,,,,,,,,,,,,,,,,,,,,,,,,,,,,,,,,,,,,,,,,,,,,
,13I,,,,,,,,,,,,,,,,,,,,,,,,,,,,,,,,,,,,,,,,,,,,,,,,,,,,,,,,,,,,,,,,,,,,,,,,,
,PEGASUS,,,,,,,,,,,,,,,,,,,,,,,,,,,,,,,,,,,,,,,,,,,,,,,,,,,,,,,,,,,,,,,,,,,,,,,,,
,LEWISBURG,,,,,,,,,,,,,,,,,,,,,,,,,,,,,,,,,,,,,,,,,,,,,,,,,,,,,,,,,,,,,,,,,,,,,,,,,
,02E,,,,,,,,,,,,,,,,,,,,,,,,,,,,,,,,,,,,,,,,,,,,,,,,,,,,,,,,,,,,,,,,,,,,,,,,,
,13C,,,,,,,,,,,,,,,,,,,,,,,,,,,,,,,,,,,,,,,,,,,,,,,,,,,,,,,,,,,,,,,,,,,,,,,,,
,13A,,,,,,,,,,,,,,,,,,,,,,,,,,,,,,,,,,,,,,,,,,,,,,,,,,,,,,,,,,,,,,,,,,,,,,,,,
,02K,,,,,,,,,,,,,,,,,,,,,,,,,,,,,,,,,,,,,,,,,,,,,,,,,,,,,,,,,,,,,,,,,,,,,,,,,
,13F,,,,,,,,,,,,,,,,,,,,,,,,,,,,,,,,,,,,,,,,,,,,,,,,,,,,,,,,,,,,,,,,,,,,,,,,,
,02B,,,,,,,,,,,,,,,,,,,,,,,,,,,,,,,,,,,,,,,,,,,,,,,,,,,,,,,,,,,,,,,,,,,,,,,,,
,13E,,,,,,,,,,,,,,,,,,,,,,,,,,,,,,,,,,,,,,,,,,,,,,,,,,,,,,,,,,,,,,,,,,,,,,,,,
,MORAINE,,,,,,,,,,,,,,,,,,,,,,,,,,,,,,,,,,,,,,,,,,,,,,,,,,,,,,,,,,,,,,,,,,,,,,,,,
,GLENDEER BUSINESS PARK,,,,,,,,,,,,,,,,,,,,,,,,,,,,,,,,,,,,,,,,,,,,,,,,,,,,,,,,,,,,,,,,,,,,,,,,,
,HIGHFIELD,,,,,,,,,,,,,,,,,,,,,,,,,,,,,,,,,,,,,,,,,,,,,,,,,,,,,,,,,,,,,,,,,,,,,,,,,
,13M,,,,,,,,,,,,,,,,,,,,,,,,,,,,,,,,,,,,,,,,,,,,,,,,,,,,,,,,,,,,,,,,,,,,,,,,,
,BURNS INDUSTRIAL,,,,,,,,,,,,,,,,,,,,,,,,,,,,,,,,,,,,,,,,,,,,,,,,,,,,,,,,,,,,,,,,,,,,,,,,,
,SECTION 23,,,,,,,,,,,,,,,,,,,,,,,,,,,,,,,,,,,,,,,,,,,,,,,,,,,,,,,,,,,,,,,,,,,,,,,,,
,AMBLERIDGE,,,,,,,,,,,,,,,,,,,,,,,,,,,,,,,,,,,,,,,,,,,,,,,,,,,,,,,,,,,,,,,,,,,,,,,,,
,HOTCHKISS,,,,,,,,,,,,,,,,,,,,,,,,,,,,,,,,,,,,,,,,,,,,,,,,,,,,,,,,,,,,,,,,,,,,,,,,,
,05E,,,,,,,,,,,,,,,,,,,,,,,,,,,,,,,,,,,,,,,,,,,,,,,,,,,,,,,,,,,,,,,,,,,,,,,,,
,13H,,,,,,,,,,,,,,,,,,,,,,,,,,,,,,,,,,,,,,,,,,,,,,,,,,,,,,,,,,,,,,,,,,,,,,,,,
,02F,,,,,,,,,,,,,,,,,,,,,,,,,,,,,,,,,,,,,,,,,,,,,,,,,,,,,,,,,,,,,,,,,,,,,,,,,
,SOUTH FOOTHILLS,,,,,,,,,,,,,,,,,,,,,,,,,,,,,,,,,,,,,,,,,,,,,,,,,,,,,,,,,,,,,,,,,,,,,,,,,
,BELVEDERE,,,,,,,,,,,,,,,,,,,,,,,,,,,,,,,,,,,,,,,,,,,,,,,,,,,,,,,,,,,,,,,,,,,,,,,,,
,11B,,,,,,,,,,,,,,,,,,,,,,,,,,,,,,,,,,,,,,,,,,,,,,,,,,,,,,,,,,,,,,,,,,,,,,,,,
,ALYTH/BONNYBROOK,,,,,,,,,,,,,,,,,,,,,,,,,,,,,,,,,,,,,,,,,,,,,,,,,,,,,,,,,,,,,,,,,,,,,,,,,
,ALPINE PARK,,,,,,,,,,,,,,,,,,,,,,,,,,,,,,,,,,,,,,,,,,,,,,,,,,,,,,,,,,,,,,,,,,,,,,,,,
,02L,,,,,,,,,,,,,,,,,,,,,,,,,,,,,,,,,,,,,,,,,,,,,,,,,,,,,,,,,,,,,,,,,,,,,,,,,